file,class,method,constructor,line,cbo,wmc,rfc,loc,returnsQty,variablesQty,parametersQty,methodsInvokedQty,methodsInvokedLocalQty,methodsInvokedIndirectLocalQty,loopQty,comparisonsQty,tryCatchQty,parenthesizedExpsQty,stringLiteralsQty,numbersQty,assignmentsQty,mathOperationsQty,maxNestedBlocksQty,anonymousClassesQty,innerClassesQty,lambdasQty,uniqueWordsQty,modifiers,logStatementsQty,hasJavaDoc
/Users/gichan/Desktop/MLCQ data try/ck_csvs/../gits/microprofile-opentracing-00dffbff44d9300ee7a21f8665b71637ca2a0105/tck/rest-client/src/main/java/org/eclipse/microprofile/opentracing/tck/rest/client/ClientServices.java,org.eclipse.microprofile.opentracing.tck.rest.client.ClientServices,"executeNestedAsync/5[int,int,boolean,java.lang.String,boolean]",false,54,5,1,0,1,0,0,5,0,0,0,0,0,0,0,0,0,0,0,0,0,0,0,24,0,0,false
/Users/gichan/Desktop/MLCQ data try/ck_csvs/../gits/microprofile-opentracing-00dffbff44d9300ee7a21f8665b71637ca2a0105/tck/rest-client/src/main/java/org/eclipse/microprofile/opentracing/tck/rest/client/ClientServices.java,org.eclipse.microprofile.opentracing.tck.rest.client.ClientServices,"executeNested/5[int,int,boolean,java.lang.String,boolean]",false,45,5,1,0,1,0,0,5,0,0,0,0,0,0,0,0,0,0,0,0,0,0,0,24,0,0,false
/Users/gichan/Desktop/MLCQ data try/ck_csvs/../gits/microprofile-opentracing-00dffbff44d9300ee7a21f8665b71637ca2a0105/tck/rest-client/src/main/java/org/eclipse/microprofile/opentracing/tck/rest/client/ClientServices.java,org.eclipse.microprofile.opentracing.tck.rest.client.ClientServices,disabledTracing/0,false,64,5,1,0,1,0,0,0,0,0,0,0,0,0,0,0,0,0,0,0,0,0,0,4,0,0,false
/Users/gichan/Desktop/MLCQ data try/ck_csvs/../gits/microprofile-opentracing-00dffbff44d9300ee7a21f8665b71637ca2a0105/tck/rest-client/src/main/java/org/eclipse/microprofile/opentracing/tck/rest/client/OpenTracingMpRestClientTests.java,org.eclipse.microprofile.opentracing.tck.rest.client.OpenTracingMpRestClientTests,testMultithreadedNestedSpansAsync/0,false,97,3,1,1,8,0,5,0,1,0,0,0,0,0,0,0,3,5,0,0,0,0,0,31,2,0,true
/Users/gichan/Desktop/MLCQ data try/ck_csvs/../gits/microprofile-opentracing-00dffbff44d9300ee7a21f8665b71637ca2a0105/tck/rest-client/src/main/java/org/eclipse/microprofile/opentracing/tck/rest/client/OpenTracingMpRestClientTests.java,org.eclipse.microprofile.opentracing.tck.rest.client.OpenTracingMpRestClientTests,createDeployment/0,false,47,5,1,5,6,1,1,0,5,0,0,0,0,0,0,0,0,1,0,0,0,0,0,5,9,0,false
/Users/gichan/Desktop/MLCQ data try/ck_csvs/../gits/microprofile-opentracing-00dffbff44d9300ee7a21f8665b71637ca2a0105/tck/rest-client/src/main/java/org/eclipse/microprofile/opentracing/tck/rest/client/OpenTracingMpRestClientTests.java,org.eclipse.microprofile.opentracing.tck.rest.client.OpenTracingMpRestClientTests,testMultithreadedNestedSpans/0,false,79,3,1,1,8,0,5,0,1,0,0,0,0,0,0,0,3,5,0,0,0,0,0,50,2,0,true
/Users/gichan/Desktop/MLCQ data try/ck_csvs/../gits/microprofile-opentracing-00dffbff44d9300ee7a21f8665b71637ca2a0105/tck/rest-client/src/main/java/org/eclipse/microprofile/opentracing/tck/rest/client/OpenTracingMpRestClientTests.java,org.eclipse.microprofile.opentracing.tck.rest.client.OpenTracingMpRestClientTests,testNestedSpans/0,false,59,3,1,2,8,0,5,0,2,0,0,0,0,0,0,0,2,5,0,0,0,0,0,23,2,0,true
/Users/gichan/Desktop/MLCQ data try/ck_csvs/../gits/microprofile-opentracing-00dffbff44d9300ee7a21f8665b71637ca2a0105/tck/rest-client/src/main/java/org/eclipse/microprofile/opentracing/tck/rest/client/OpenTracingMpRestClientTests.java,org.eclipse.microprofile.opentracing.tck.rest.client.OpenTracingMpRestClientTests,testNotTraced/1[java.lang.String],false,119,6,1,9,6,0,2,1,9,0,0,0,0,0,0,0,0,2,0,0,0,0,0,21,2,0,false
/Users/gichan/Desktop/MLCQ data try/ck_csvs/../gits/microprofile-opentracing-00dffbff44d9300ee7a21f8665b71637ca2a0105/tck/rest-client/src/main/java/org/eclipse/microprofile/opentracing/tck/rest/client/OpenTracingMpRestClientTests.java,org.eclipse.microprofile.opentracing.tck.rest.client.OpenTracingMpRestClientTests,"getExpectedNestedServerSpan/8[java.lang.String,java.lang.String,int,int,int,boolean,boolean,boolean]",false,206,3,1,6,13,1,3,8,6,0,0,0,0,0,0,0,0,3,0,0,0,0,0,38,4,0,true
/Users/gichan/Desktop/MLCQ data try/ck_csvs/../gits/microprofile-opentracing-00dffbff44d9300ee7a21f8665b71637ca2a0105/tck/rest-client/src/main/java/org/eclipse/microprofile/opentracing/tck/rest/client/OpenTracingMpRestClientTests.java,org.eclipse.microprofile.opentracing.tck.rest.client.OpenTracingMpRestClientTests,"executeNested/6[java.lang.String,int,int,int,boolean,boolean]",false,179,2,1,3,5,0,2,6,3,0,0,0,0,0,0,0,0,2,0,0,0,0,0,33,4,0,true
/Users/gichan/Desktop/MLCQ data try/ck_csvs/../gits/microprofile-opentracing-00dffbff44d9300ee7a21f8665b71637ca2a0105/tck/rest-client/src/main/java/org/eclipse/microprofile/opentracing/tck/rest/client/OpenTracingMpRestClientTests.java,org.eclipse.microprofile.opentracing.tck.rest.client.OpenTracingMpRestClientTests,testMethodNotTraced/0,false,115,3,1,1,3,0,0,0,1,1,1,0,0,0,0,0,0,0,0,0,0,0,0,4,2,0,false
/Users/gichan/Desktop/MLCQ data try/ck_csvs/../gits/microprofile-opentracing-00dffbff44d9300ee7a21f8665b71637ca2a0105/tck/rest-client/src/main/java/org/eclipse/microprofile/opentracing/tck/rest/client/OpenTracingMpRestClientTests.java,org.eclipse.microprofile.opentracing.tck.rest.client.OpenTracingMpRestClientTests,testClientNotTraced/0,false,109,3,1,1,3,0,0,0,1,1,1,0,0,0,0,0,0,0,0,0,0,0,0,4,2,0,false
/Users/gichan/Desktop/MLCQ data try/ck_csvs/../gits/microprofile-opentracing-00dffbff44d9300ee7a21f8665b71637ca2a0105/tck/rest-client/src/main/java/org/eclipse/microprofile/opentracing/tck/rest/client/RestClientApplication.java,org.eclipse.microprofile.opentracing.tck.rest.client.RestClientApplication,getClasses/0,false,47,8,1,1,3,1,0,0,1,0,0,0,0,0,0,0,0,0,0,0,0,0,0,2,1,0,false
/Users/gichan/Desktop/MLCQ data try/ck_csvs/../gits/microprofile-opentracing-00dffbff44d9300ee7a21f8665b71637ca2a0105/tck/rest-client/src/main/java/org/eclipse/microprofile/opentracing/tck/rest/client/ClientServicesTracingDisabled.java,org.eclipse.microprofile.opentracing.tck.rest.client.ClientServicesTracingDisabled,restSimpleTest/0,false,37,4,1,0,1,0,0,0,0,0,0,0,0,0,0,0,0,0,0,0,0,0,0,4,0,0,false
/Users/gichan/Desktop/MLCQ data try/ck_csvs/../gits/microprofile-opentracing-00dffbff44d9300ee7a21f8665b71637ca2a0105/tck/rest-client/src/main/java/org/eclipse/microprofile/opentracing/tck/rest/client/RestClientServices.java,org.eclipse.microprofile.opentracing.tck.rest.client.RestClientServices,getBaseURL/0,false,135,0,3,4,15,1,3,0,4,0,0,0,1,1,0,2,2,3,1,1,0,0,0,13,2,0,false
/Users/gichan/Desktop/MLCQ data try/ck_csvs/../gits/microprofile-opentracing-00dffbff44d9300ee7a21f8665b71637ca2a0105/tck/rest-client/src/main/java/org/eclipse/microprofile/opentracing/tck/rest/client/RestClientServices.java,org.eclipse.microprofile.opentracing.tck.rest.client.RestClientServices,"executeNestedMpRestClient/4[int,int,java.lang.String,boolean]",false,118,3,2,12,11,0,3,4,12,1,1,0,0,0,0,1,1,3,1,1,0,0,0,29,2,0,false
/Users/gichan/Desktop/MLCQ data try/ck_csvs/../gits/microprofile-opentracing-00dffbff44d9300ee7a21f8665b71637ca2a0105/tck/rest-client/src/main/java/org/eclipse/microprofile/opentracing/tck/rest/client/RestClientServices.java,org.eclipse.microprofile.opentracing.tck.rest.client.RestClientServices,restClientMethodTracingDisabled/0,false,90,6,1,7,6,1,2,0,7,1,1,0,0,0,0,1,0,2,1,0,0,0,0,32,1,0,false
/Users/gichan/Desktop/MLCQ data try/ck_csvs/../gits/microprofile-opentracing-00dffbff44d9300ee7a21f8665b71637ca2a0105/tck/rest-client/src/main/java/org/eclipse/microprofile/opentracing/tck/rest/client/RestClientServices.java,org.eclipse.microprofile.opentracing.tck.rest.client.RestClientServices,"nestedMpRestClient/5[int,int,java.lang.String,boolean,boolean]",false,108,6,3,3,8,1,1,5,3,1,2,1,0,0,0,0,4,1,1,2,0,0,0,33,1,0,false
/Users/gichan/Desktop/MLCQ data try/ck_csvs/../gits/microprofile-opentracing-00dffbff44d9300ee7a21f8665b71637ca2a0105/tck/rest-client/src/main/java/org/eclipse/microprofile/opentracing/tck/rest/client/RestClientServices.java,org.eclipse.microprofile.opentracing.tck.rest.client.RestClientServices,restClientTracingDisabled/0,false,78,6,1,7,6,1,2,0,7,1,1,0,0,0,0,1,0,2,1,0,0,0,0,29,1,0,false
/Users/gichan/Desktop/MLCQ data try/ck_csvs/../gits/microprofile-opentracing-00dffbff44d9300ee7a21f8665b71637ca2a0105/tck/base/src/main/java/org/eclipse/microprofile/opentracing/tck/tracer/TestSpan.java,org.eclipse.microprofile.opentracing.tck.tracer.TestSpan,getBaggageItem/1[java.lang.String],false,306,0,1,0,3,0,0,1,0,0,0,0,0,0,0,0,0,0,0,0,0,0,0,7,1,0,true
/Users/gichan/Desktop/MLCQ data try/ck_csvs/../gits/microprofile-opentracing-00dffbff44d9300ee7a21f8665b71637ca2a0105/tck/base/src/main/java/org/eclipse/microprofile/opentracing/tck/tracer/TestSpan.java,org.eclipse.microprofile.opentracing.tck.tracer.TestSpan,getParentId/0,false,153,0,1,0,3,1,0,0,0,0,0,0,0,0,0,0,0,0,0,0,0,0,0,9,1,0,true
/Users/gichan/Desktop/MLCQ data try/ck_csvs/../gits/microprofile-opentracing-00dffbff44d9300ee7a21f8665b71637ca2a0105/tck/base/src/main/java/org/eclipse/microprofile/opentracing/tck/tracer/TestSpan.java,org.eclipse.microprofile.opentracing.tck.tracer.TestSpan,"setTag/2[java.lang.String,java.lang.Number]",false,257,1,1,0,3,0,0,2,0,0,0,0,0,0,0,0,0,0,0,0,0,0,0,8,1,0,true
/Users/gichan/Desktop/MLCQ data try/ck_csvs/../gits/microprofile-opentracing-00dffbff44d9300ee7a21f8665b71637ca2a0105/tck/base/src/main/java/org/eclipse/microprofile/opentracing/tck/tracer/TestSpan.java,org.eclipse.microprofile.opentracing.tck.tracer.TestSpan,toString/0,false,338,0,1,3,11,1,1,0,3,0,0,0,0,0,0,5,0,1,2,0,1,0,0,11,1,0,true
/Users/gichan/Desktop/MLCQ data try/ck_csvs/../gits/microprofile-opentracing-00dffbff44d9300ee7a21f8665b71637ca2a0105/tck/base/src/main/java/org/eclipse/microprofile/opentracing/tck/tracer/TestSpan.java,org.eclipse.microprofile.opentracing.tck.tracer.TestSpan,equals/1[java.lang.Object],false,367,1,12,13,43,9,5,1,13,0,0,2,5,0,0,10,1,5,2,5,0,0,0,33,1,0,true
/Users/gichan/Desktop/MLCQ data try/ck_csvs/../gits/microprofile-opentracing-00dffbff44d9300ee7a21f8665b71637ca2a0105/tck/base/src/main/java/org/eclipse/microprofile/opentracing/tck/tracer/TestSpan.java,org.eclipse.microprofile.opentracing.tck.tracer.TestSpan,"setLogEntries/1[java.util.List<java.util.Map<java.lang.String,?>>]",false,225,0,1,0,3,0,0,1,0,0,0,0,0,0,0,0,0,1,0,0,0,0,0,11,1,0,true
/Users/gichan/Desktop/MLCQ data try/ck_csvs/../gits/microprofile-opentracing-00dffbff44d9300ee7a21f8665b71637ca2a0105/tck/base/src/main/java/org/eclipse/microprofile/opentracing/tck/tracer/TestSpan.java,org.eclipse.microprofile.opentracing.tck.tracer.TestSpan,context/0,false,233,1,1,0,3,0,0,0,0,0,0,0,0,0,0,0,0,0,0,0,0,0,0,6,1,0,true
/Users/gichan/Desktop/MLCQ data try/ck_csvs/../gits/microprofile-opentracing-00dffbff44d9300ee7a21f8665b71637ca2a0105/tck/base/src/main/java/org/eclipse/microprofile/opentracing/tck/tracer/TestSpan.java,org.eclipse.microprofile.opentracing.tck.tracer.TestSpan,setSpanId/1[long],false,177,0,1,0,3,0,0,1,0,0,0,0,0,0,0,0,0,1,0,0,0,0,0,8,1,0,true
/Users/gichan/Desktop/MLCQ data try/ck_csvs/../gits/microprofile-opentracing-00dffbff44d9300ee7a21f8665b71637ca2a0105/tck/base/src/main/java/org/eclipse/microprofile/opentracing/tck/tracer/TestSpan.java,org.eclipse.microprofile.opentracing.tck.tracer.TestSpan,"log/2[long,java.lang.String]",false,290,1,1,0,3,0,0,2,0,0,0,0,0,0,0,0,0,0,0,0,0,0,0,6,1,0,true
/Users/gichan/Desktop/MLCQ data try/ck_csvs/../gits/microprofile-opentracing-00dffbff44d9300ee7a21f8665b71637ca2a0105/tck/base/src/main/java/org/eclipse/microprofile/opentracing/tck/tracer/TestSpan.java,org.eclipse.microprofile.opentracing.tck.tracer.TestSpan,"setTags/1[java.util.Map<java.lang.String,java.lang.Object>]",false,209,0,1,0,3,0,0,1,0,0,0,0,0,0,0,0,0,1,0,0,0,0,0,9,1,0,true
/Users/gichan/Desktop/MLCQ data try/ck_csvs/../gits/microprofile-opentracing-00dffbff44d9300ee7a21f8665b71637ca2a0105/tck/base/src/main/java/org/eclipse/microprofile/opentracing/tck/tracer/TestSpan.java,org.eclipse.microprofile.opentracing.tck.tracer.TestSpan,setStartMicros/1[long],false,113,0,1,0,3,0,0,1,0,0,0,0,0,0,0,0,0,1,0,0,0,0,0,11,1,0,true
/Users/gichan/Desktop/MLCQ data try/ck_csvs/../gits/microprofile-opentracing-00dffbff44d9300ee7a21f8665b71637ca2a0105/tck/base/src/main/java/org/eclipse/microprofile/opentracing/tck/tracer/TestSpan.java,org.eclipse.microprofile.opentracing.tck.tracer.TestSpan,getLogEntries/0,false,217,0,1,0,3,1,0,0,0,0,0,0,0,0,0,0,0,0,0,0,0,0,0,10,1,0,true
/Users/gichan/Desktop/MLCQ data try/ck_csvs/../gits/microprofile-opentracing-00dffbff44d9300ee7a21f8665b71637ca2a0105/tck/base/src/main/java/org/eclipse/microprofile/opentracing/tck/tracer/TestSpan.java,org.eclipse.microprofile.opentracing.tck.tracer.TestSpan,getStartMicros/0,false,105,0,1,0,3,1,0,0,0,0,0,0,0,0,0,0,0,0,0,0,0,0,0,7,1,0,true
/Users/gichan/Desktop/MLCQ data try/ck_csvs/../gits/microprofile-opentracing-00dffbff44d9300ee7a21f8665b71637ca2a0105/tck/base/src/main/java/org/eclipse/microprofile/opentracing/tck/tracer/TestSpan.java,org.eclipse.microprofile.opentracing.tck.tracer.TestSpan,getTraceId/0,false,137,0,1,0,3,1,0,0,0,0,0,0,0,0,0,0,0,0,0,0,0,0,0,9,1,0,true
/Users/gichan/Desktop/MLCQ data try/ck_csvs/../gits/microprofile-opentracing-00dffbff44d9300ee7a21f8665b71637ca2a0105/tck/base/src/main/java/org/eclipse/microprofile/opentracing/tck/tracer/TestSpan.java,org.eclipse.microprofile.opentracing.tck.tracer.TestSpan,log/1[java.lang.String],false,282,1,1,0,3,0,0,1,0,0,0,0,0,0,0,0,0,0,0,0,0,0,0,6,1,0,true
/Users/gichan/Desktop/MLCQ data try/ck_csvs/../gits/microprofile-opentracing-00dffbff44d9300ee7a21f8665b71637ca2a0105/tck/base/src/main/java/org/eclipse/microprofile/opentracing/tck/tracer/TestSpan.java,org.eclipse.microprofile.opentracing.tck.tracer.TestSpan,getTags/0,false,201,0,1,0,3,1,0,0,0,0,0,0,0,0,0,0,0,0,0,0,0,0,0,8,1,0,true
/Users/gichan/Desktop/MLCQ data try/ck_csvs/../gits/microprofile-opentracing-00dffbff44d9300ee7a21f8665b71637ca2a0105/tck/base/src/main/java/org/eclipse/microprofile/opentracing/tck/tracer/TestSpan.java,org.eclipse.microprofile.opentracing.tck.tracer.TestSpan,getSpanId/0,false,169,0,1,0,3,1,0,0,0,0,0,0,0,0,0,0,0,0,0,0,0,0,0,6,1,0,true
/Users/gichan/Desktop/MLCQ data try/ck_csvs/../gits/microprofile-opentracing-00dffbff44d9300ee7a21f8665b71637ca2a0105/tck/base/src/main/java/org/eclipse/microprofile/opentracing/tck/tracer/TestSpan.java,org.eclipse.microprofile.opentracing.tck.tracer.TestSpan,setOperationName/1[java.lang.String],false,314,1,1,0,3,0,0,1,0,0,0,0,0,0,0,0,0,0,0,0,0,0,0,7,1,0,true
/Users/gichan/Desktop/MLCQ data try/ck_csvs/../gits/microprofile-opentracing-00dffbff44d9300ee7a21f8665b71637ca2a0105/tck/base/src/main/java/org/eclipse/microprofile/opentracing/tck/tracer/TestSpan.java,org.eclipse.microprofile.opentracing.tck.tracer.TestSpan,TestSpan/0,true,85,0,1,0,2,0,0,0,0,0,0,0,0,0,0,0,0,0,0,0,0,0,0,4,1,0,true
/Users/gichan/Desktop/MLCQ data try/ck_csvs/../gits/microprofile-opentracing-00dffbff44d9300ee7a21f8665b71637ca2a0105/tck/base/src/main/java/org/eclipse/microprofile/opentracing/tck/tracer/TestSpan.java,org.eclipse.microprofile.opentracing.tck.tracer.TestSpan,setCachedOperationName/1[java.lang.String],false,193,0,1,0,3,0,0,1,0,0,0,0,0,0,0,0,0,1,0,0,0,0,0,11,1,0,true
/Users/gichan/Desktop/MLCQ data try/ck_csvs/../gits/microprofile-opentracing-00dffbff44d9300ee7a21f8665b71637ca2a0105/tck/base/src/main/java/org/eclipse/microprofile/opentracing/tck/tracer/TestSpan.java,org.eclipse.microprofile.opentracing.tck.tracer.TestSpan,"TestSpan/3[java.lang.String,java.util.Map<java.lang.String,java.lang.Object>,java.util.List<java.util.Map<java.lang.String,?>>]",true,94,0,1,0,6,0,0,3,0,0,0,0,0,0,0,0,0,4,0,0,0,0,0,21,1,0,true
/Users/gichan/Desktop/MLCQ data try/ck_csvs/../gits/microprofile-opentracing-00dffbff44d9300ee7a21f8665b71637ca2a0105/tck/base/src/main/java/org/eclipse/microprofile/opentracing/tck/tracer/TestSpan.java,org.eclipse.microprofile.opentracing.tck.tracer.TestSpan,"setTag/2[java.lang.String,boolean]",false,249,1,1,0,3,0,0,2,0,0,0,0,0,0,0,0,0,0,0,0,0,0,0,7,1,0,true
/Users/gichan/Desktop/MLCQ data try/ck_csvs/../gits/microprofile-opentracing-00dffbff44d9300ee7a21f8665b71637ca2a0105/tck/base/src/main/java/org/eclipse/microprofile/opentracing/tck/tracer/TestSpan.java,org.eclipse.microprofile.opentracing.tck.tracer.TestSpan,finish/1[long],false,330,0,1,0,3,0,0,1,0,0,0,0,0,0,0,0,0,0,0,0,0,0,0,7,1,0,true
/Users/gichan/Desktop/MLCQ data try/ck_csvs/../gits/microprofile-opentracing-00dffbff44d9300ee7a21f8665b71637ca2a0105/tck/base/src/main/java/org/eclipse/microprofile/opentracing/tck/tracer/TestSpan.java,org.eclipse.microprofile.opentracing.tck.tracer.TestSpan,"setBaggageItem/2[java.lang.String,java.lang.String]",false,298,1,1,0,3,0,0,2,0,0,0,0,0,0,0,0,0,0,0,0,0,0,0,8,1,0,true
/Users/gichan/Desktop/MLCQ data try/ck_csvs/../gits/microprofile-opentracing-00dffbff44d9300ee7a21f8665b71637ca2a0105/tck/base/src/main/java/org/eclipse/microprofile/opentracing/tck/tracer/TestSpan.java,org.eclipse.microprofile.opentracing.tck.tracer.TestSpan,finish/0,false,322,0,1,0,3,0,0,0,0,0,0,0,0,0,0,0,0,0,0,0,0,0,0,4,1,0,true
/Users/gichan/Desktop/MLCQ data try/ck_csvs/../gits/microprofile-opentracing-00dffbff44d9300ee7a21f8665b71637ca2a0105/tck/base/src/main/java/org/eclipse/microprofile/opentracing/tck/tracer/TestSpan.java,org.eclipse.microprofile.opentracing.tck.tracer.TestSpan,getFinishMicros/0,false,121,0,1,0,3,1,0,0,0,0,0,0,0,0,0,0,0,0,0,0,0,0,0,8,1,0,true
/Users/gichan/Desktop/MLCQ data try/ck_csvs/../gits/microprofile-opentracing-00dffbff44d9300ee7a21f8665b71637ca2a0105/tck/base/src/main/java/org/eclipse/microprofile/opentracing/tck/tracer/TestSpan.java,org.eclipse.microprofile.opentracing.tck.tracer.TestSpan,setParentId/1[long],false,161,0,1,0,3,0,0,1,0,0,0,0,0,0,0,0,0,1,0,0,0,0,0,11,1,0,true
/Users/gichan/Desktop/MLCQ data try/ck_csvs/../gits/microprofile-opentracing-00dffbff44d9300ee7a21f8665b71637ca2a0105/tck/base/src/main/java/org/eclipse/microprofile/opentracing/tck/tracer/TestSpan.java,org.eclipse.microprofile.opentracing.tck.tracer.TestSpan,"log/2[long,java.util.Map<java.lang.String,?>]",false,274,1,1,0,3,0,0,2,0,0,0,0,0,0,0,0,0,0,0,0,0,0,0,6,1,0,true
/Users/gichan/Desktop/MLCQ data try/ck_csvs/../gits/microprofile-opentracing-00dffbff44d9300ee7a21f8665b71637ca2a0105/tck/base/src/main/java/org/eclipse/microprofile/opentracing/tck/tracer/TestSpan.java,org.eclipse.microprofile.opentracing.tck.tracer.TestSpan,setFinishMicros/1[long],false,129,0,1,0,3,0,0,1,0,0,0,0,0,0,0,0,0,1,0,0,0,0,0,10,1,0,true
/Users/gichan/Desktop/MLCQ data try/ck_csvs/../gits/microprofile-opentracing-00dffbff44d9300ee7a21f8665b71637ca2a0105/tck/base/src/main/java/org/eclipse/microprofile/opentracing/tck/tracer/TestSpan.java,org.eclipse.microprofile.opentracing.tck.tracer.TestSpan,"setTag/2[java.lang.String,java.lang.String]",false,241,1,1,0,3,0,0,2,0,0,0,0,0,0,0,0,0,0,0,0,0,0,0,7,1,0,true
/Users/gichan/Desktop/MLCQ data try/ck_csvs/../gits/microprofile-opentracing-00dffbff44d9300ee7a21f8665b71637ca2a0105/tck/base/src/main/java/org/eclipse/microprofile/opentracing/tck/tracer/TestSpan.java,org.eclipse.microprofile.opentracing.tck.tracer.TestSpan,getCachedOperationName/0,false,185,0,1,0,3,1,0,0,0,0,0,0,0,0,0,0,0,0,0,0,0,0,0,10,1,0,true
/Users/gichan/Desktop/MLCQ data try/ck_csvs/../gits/microprofile-opentracing-00dffbff44d9300ee7a21f8665b71637ca2a0105/tck/base/src/main/java/org/eclipse/microprofile/opentracing/tck/tracer/TestSpan.java,org.eclipse.microprofile.opentracing.tck.tracer.TestSpan,setTraceId/1[long],false,145,0,1,0,3,0,0,1,0,0,0,0,0,0,0,0,0,1,0,0,0,0,0,11,1,0,true
/Users/gichan/Desktop/MLCQ data try/ck_csvs/../gits/microprofile-opentracing-00dffbff44d9300ee7a21f8665b71637ca2a0105/tck/base/src/main/java/org/eclipse/microprofile/opentracing/tck/tracer/TestSpan.java,org.eclipse.microprofile.opentracing.tck.tracer.TestSpan,"log/1[java.util.Map<java.lang.String,?>]",false,265,1,1,0,3,0,0,1,0,0,0,0,0,0,0,0,0,0,0,0,0,0,0,6,1,0,true
/Users/gichan/Desktop/MLCQ data try/ck_csvs/../gits/microprofile-opentracing-00dffbff44d9300ee7a21f8665b71637ca2a0105/tck/base/src/main/java/org/eclipse/microprofile/opentracing/tck/tracer/TestSpan.java,org.eclipse.microprofile.opentracing.tck.tracer.TestSpan,hashCode/0,false,427,0,1,1,3,1,0,0,1,0,0,0,0,0,0,0,0,0,0,0,0,0,0,2,1,0,true
/Users/gichan/Desktop/MLCQ data try/ck_csvs/../gits/microprofile-opentracing-00dffbff44d9300ee7a21f8665b71637ca2a0105/tck/base/src/main/java/org/eclipse/microprofile/opentracing/tck/tracer/TestSpan.java,org.eclipse.microprofile.opentracing.tck.tracer.TestSpan$Anonymous1,"compare/2[java.util.Map.Entry<java.lang.String,java.lang.Object>,java.util.Map.Entry<java.lang.String,java.lang.Object>]",false,354,0,1,2,3,1,0,2,2,0,0,0,0,0,0,0,0,0,0,0,0,0,0,2,1,0,false
/Users/gichan/Desktop/MLCQ data try/ck_csvs/../gits/microprofile-opentracing-00dffbff44d9300ee7a21f8665b71637ca2a0105/tck/base/src/main/java/org/eclipse/microprofile/opentracing/tck/tracer/TestTracer.java,org.eclipse.microprofile.opentracing.tck.tracer.TestTracer,"inject/3[org.eclipse.microprofile.opentracing.tck.tracer.SpanContext,org.eclipse.microprofile.opentracing.tck.tracer.Format<C>,C]",false,95,3,1,0,3,0,0,3,0,0,0,0,0,0,0,0,0,0,0,0,0,0,0,8,1,0,true
/Users/gichan/Desktop/MLCQ data try/ck_csvs/../gits/microprofile-opentracing-00dffbff44d9300ee7a21f8665b71637ca2a0105/tck/base/src/main/java/org/eclipse/microprofile/opentracing/tck/tracer/TestTracer.java,org.eclipse.microprofile.opentracing.tck.tracer.TestTracer,buildSpan/1[java.lang.String],false,86,1,1,0,3,0,0,1,0,0,0,0,0,0,0,0,0,0,0,0,0,0,0,8,1,0,true
/Users/gichan/Desktop/MLCQ data try/ck_csvs/../gits/microprofile-opentracing-00dffbff44d9300ee7a21f8665b71637ca2a0105/tck/base/src/main/java/org/eclipse/microprofile/opentracing/tck/tracer/TestTracer.java,org.eclipse.microprofile.opentracing.tck.tracer.TestTracer,"extract/2[org.eclipse.microprofile.opentracing.tck.tracer.Format<C>,C]",false,103,3,1,0,3,0,0,2,0,0,0,0,0,0,0,0,0,0,0,0,0,0,0,8,1,0,true
/Users/gichan/Desktop/MLCQ data try/ck_csvs/../gits/microprofile-opentracing-00dffbff44d9300ee7a21f8665b71637ca2a0105/tck/base/src/main/java/org/eclipse/microprofile/opentracing/tck/tracer/TestTracer.java,org.eclipse.microprofile.opentracing.tck.tracer.TestTracer,activeSpan/0,false,78,1,1,0,3,0,0,0,0,0,0,0,0,0,0,0,0,0,0,0,0,0,0,5,1,0,true
/Users/gichan/Desktop/MLCQ data try/ck_csvs/../gits/microprofile-opentracing-00dffbff44d9300ee7a21f8665b71637ca2a0105/tck/base/src/main/java/org/eclipse/microprofile/opentracing/tck/tracer/TestTracer.java,org.eclipse.microprofile.opentracing.tck.tracer.TestTracer,getSpans/0,false,54,1,1,0,3,1,0,0,0,0,0,0,0,0,0,0,0,0,0,0,0,0,0,9,1,0,true
/Users/gichan/Desktop/MLCQ data try/ck_csvs/../gits/microprofile-opentracing-00dffbff44d9300ee7a21f8665b71637ca2a0105/tck/base/src/main/java/org/eclipse/microprofile/opentracing/tck/tracer/TestTracer.java,org.eclipse.microprofile.opentracing.tck.tracer.TestTracer,spanTree/0,false,111,3,6,6,20,1,4,0,6,0,0,2,3,0,0,0,1,4,0,3,0,0,0,16,1,0,true
/Users/gichan/Desktop/MLCQ data try/ck_csvs/../gits/microprofile-opentracing-00dffbff44d9300ee7a21f8665b71637ca2a0105/tck/base/src/main/java/org/eclipse/microprofile/opentracing/tck/tracer/TestTracer.java,org.eclipse.microprofile.opentracing.tck.tracer.TestTracer,setSpans/1[java.util.List<org.eclipse.microprofile.opentracing.tck.tracer.TestSpan>],false,62,1,1,0,3,0,0,1,0,0,0,0,0,0,0,0,0,1,0,0,0,0,0,8,1,0,true
/Users/gichan/Desktop/MLCQ data try/ck_csvs/../gits/microprofile-opentracing-00dffbff44d9300ee7a21f8665b71637ca2a0105/tck/base/src/main/java/org/eclipse/microprofile/opentracing/tck/tracer/TestTracer.java,org.eclipse.microprofile.opentracing.tck.tracer.TestTracer,scopeManager/0,false,70,1,1,0,3,0,0,0,0,0,0,0,0,0,0,0,0,0,0,0,0,0,0,6,1,0,true
/Users/gichan/Desktop/MLCQ data try/ck_csvs/../gits/microprofile-opentracing-00dffbff44d9300ee7a21f8665b71637ca2a0105/tck/base/src/main/java/org/eclipse/microprofile/opentracing/tck/tracer/ConsumableTree.java,org.eclipse.microprofile.opentracing.tck.tracer.ConsumableTree,visitTree/1[java.util.function.Consumer<? super T>],false,28,0,1,0,1,0,0,1,0,0,0,0,0,0,0,0,0,0,0,0,0,0,0,10,0,0,true
/Users/gichan/Desktop/MLCQ data try/ck_csvs/../gits/microprofile-opentracing-00dffbff44d9300ee7a21f8665b71637ca2a0105/tck/base/src/main/java/org/eclipse/microprofile/opentracing/tck/tracer/TestSpanTree.java,org.eclipse.microprofile.opentracing.tck.tracer.TestSpanTree$TreeNode,getData/0,false,117,1,1,0,3,1,0,0,0,0,0,0,0,0,0,0,0,0,0,0,0,0,0,7,1,0,true
/Users/gichan/Desktop/MLCQ data try/ck_csvs/../gits/microprofile-opentracing-00dffbff44d9300ee7a21f8665b71637ca2a0105/tck/base/src/main/java/org/eclipse/microprofile/opentracing/tck/tracer/TestSpanTree.java,org.eclipse.microprofile.opentracing.tck.tracer.TestSpanTree$TreeNode,toString/0,false,242,1,1,3,3,1,0,0,3,0,0,0,0,0,0,1,1,0,0,0,0,0,0,6,1,0,true
/Users/gichan/Desktop/MLCQ data try/ck_csvs/../gits/microprofile-opentracing-00dffbff44d9300ee7a21f8665b71637ca2a0105/tck/base/src/main/java/org/eclipse/microprofile/opentracing/tck/tracer/TestSpanTree.java,org.eclipse.microprofile.opentracing.tck.tracer.TestSpanTree$TreeNode,equals/1[java.lang.Object],false,192,2,6,5,21,5,4,1,5,0,0,1,2,0,0,3,1,4,1,3,0,0,0,14,1,0,true
/Users/gichan/Desktop/MLCQ data try/ck_csvs/../gits/microprofile-opentracing-00dffbff44d9300ee7a21f8665b71637ca2a0105/tck/base/src/main/java/org/eclipse/microprofile/opentracing/tck/tracer/TestSpanTree.java,org.eclipse.microprofile.opentracing.tck.tracer.TestSpanTree$TreeNode,visitTree/1[java.util.function.Consumer<? super T>],false,231,2,2,2,6,0,0,1,2,0,0,1,0,0,0,0,0,0,0,1,0,0,0,11,1,0,true
/Users/gichan/Desktop/MLCQ data try/ck_csvs/../gits/microprofile-opentracing-00dffbff44d9300ee7a21f8665b71637ca2a0105/tck/base/src/main/java/org/eclipse/microprofile/opentracing/tck/tracer/TestSpanTree.java,org.eclipse.microprofile.opentracing.tck.tracer.TestSpanTree$TreeNode,addChild/1[org.eclipse.microprofile.opentracing.tck.tracer.TestSpanTree.TreeNode<T>],false,134,2,1,1,4,1,0,1,1,0,0,0,0,0,0,0,0,0,0,0,0,0,0,7,1,0,true
/Users/gichan/Desktop/MLCQ data try/ck_csvs/../gits/microprofile-opentracing-00dffbff44d9300ee7a21f8665b71637ca2a0105/tck/base/src/main/java/org/eclipse/microprofile/opentracing/tck/tracer/TestSpanTree.java,org.eclipse.microprofile.opentracing.tck.tracer.TestSpanTree$TreeNode,"TreeNode/2[T,org.eclipse.microprofile.opentracing.tck.tracer.TestSpanTree.TreeNode<T>[]]",true,106,2,2,1,6,0,0,2,1,0,0,1,0,0,0,0,0,1,0,1,0,0,0,15,1,0,true
/Users/gichan/Desktop/MLCQ data try/ck_csvs/../gits/microprofile-opentracing-00dffbff44d9300ee7a21f8665b71637ca2a0105/tck/base/src/main/java/org/eclipse/microprofile/opentracing/tck/tracer/TestSpanTree.java,org.eclipse.microprofile.opentracing.tck.tracer.TestSpanTree$TreeNode,"toJSON/3[java.lang.String,int,java.lang.String]",false,147,2,4,10,36,1,5,3,10,0,0,1,0,0,0,4,4,5,3,3,0,0,0,30,1,0,true
/Users/gichan/Desktop/MLCQ data try/ck_csvs/../gits/microprofile-opentracing-00dffbff44d9300ee7a21f8665b71637ca2a0105/tck/base/src/main/java/org/eclipse/microprofile/opentracing/tck/tracer/TestSpanTree.java,org.eclipse.microprofile.opentracing.tck.tracer.TestSpanTree$TreeNode,hashCode/0,false,222,0,1,1,3,1,0,0,1,0,0,0,0,0,0,0,0,0,0,0,0,0,0,2,1,0,true
/Users/gichan/Desktop/MLCQ data try/ck_csvs/../gits/microprofile-opentracing-00dffbff44d9300ee7a21f8665b71637ca2a0105/tck/base/src/main/java/org/eclipse/microprofile/opentracing/tck/tracer/TestSpanTree.java,org.eclipse.microprofile.opentracing.tck.tracer.TestSpanTree$TreeNode,getChildren/0,false,125,2,1,0,3,1,0,0,0,0,0,0,0,0,0,0,0,0,0,0,0,0,0,7,1,0,true
/Users/gichan/Desktop/MLCQ data try/ck_csvs/../gits/microprofile-opentracing-00dffbff44d9300ee7a21f8665b71637ca2a0105/tck/base/src/main/java/org/eclipse/microprofile/opentracing/tck/tracer/TestSpanTree.java,org.eclipse.microprofile.opentracing.tck.tracer.TestSpanTree,TestSpanTree/0,true,44,0,1,0,2,0,0,0,0,0,0,0,0,0,0,0,0,0,0,0,0,0,0,14,1,0,true
/Users/gichan/Desktop/MLCQ data try/ck_csvs/../gits/microprofile-opentracing-00dffbff44d9300ee7a21f8665b71637ca2a0105/tck/base/src/main/java/org/eclipse/microprofile/opentracing/tck/tracer/TestSpanTree.java,org.eclipse.microprofile.opentracing.tck.tracer.TestSpanTree,getRootSpans/0,false,70,2,1,0,3,1,0,0,0,0,0,0,0,0,0,0,0,0,0,0,0,0,0,9,1,0,true
/Users/gichan/Desktop/MLCQ data try/ck_csvs/../gits/microprofile-opentracing-00dffbff44d9300ee7a21f8665b71637ca2a0105/tck/base/src/main/java/org/eclipse/microprofile/opentracing/tck/tracer/TestSpanTree.java,org.eclipse.microprofile.opentracing.tck.tracer.TestSpanTree,TestSpanTree/1[java.lang.String],true,51,0,1,0,3,0,0,1,0,0,0,0,0,0,0,0,0,1,0,0,0,0,0,17,1,0,true
/Users/gichan/Desktop/MLCQ data try/ck_csvs/../gits/microprofile-opentracing-00dffbff44d9300ee7a21f8665b71637ca2a0105/tck/base/src/main/java/org/eclipse/microprofile/opentracing/tck/tracer/TestSpanTree.java,org.eclipse.microprofile.opentracing.tck.tracer.TestSpanTree,equals/1[java.lang.Object],false,274,3,5,5,18,4,4,1,5,0,0,1,2,0,0,2,1,4,1,3,0,0,0,16,1,0,true
/Users/gichan/Desktop/MLCQ data try/ck_csvs/../gits/microprofile-opentracing-00dffbff44d9300ee7a21f8665b71637ca2a0105/tck/base/src/main/java/org/eclipse/microprofile/opentracing/tck/tracer/TestSpanTree.java,org.eclipse.microprofile.opentracing.tck.tracer.TestSpanTree,visitTree/1[java.util.function.Consumer<? super org.eclipse.microprofile.opentracing.tck.tracer.TestSpan>],false,309,2,2,1,5,0,0,1,1,0,0,1,0,0,0,0,0,0,0,1,0,0,0,13,1,0,true
/Users/gichan/Desktop/MLCQ data try/ck_csvs/../gits/microprofile-opentracing-00dffbff44d9300ee7a21f8665b71637ca2a0105/tck/base/src/main/java/org/eclipse/microprofile/opentracing/tck/tracer/TestSpanTree.java,org.eclipse.microprofile.opentracing.tck.tracer.TestSpanTree,TestSpanTree/1[org.eclipse.microprofile.opentracing.tck.tracer.TestSpanTree.TreeNode<org.eclipse.microprofile.opentracing.tck.tracer.TestSpan>[]],true,60,2,2,1,5,0,0,1,1,0,0,1,0,0,0,0,0,0,0,1,0,0,0,19,1,0,true
/Users/gichan/Desktop/MLCQ data try/ck_csvs/../gits/microprofile-opentracing-00dffbff44d9300ee7a21f8665b71637ca2a0105/tck/base/src/main/java/org/eclipse/microprofile/opentracing/tck/tracer/TestSpanTree.java,org.eclipse.microprofile.opentracing.tck.tracer.TestSpanTree,addRootNode/1[org.eclipse.microprofile.opentracing.tck.tracer.TestSpanTree.TreeNode<org.eclipse.microprofile.opentracing.tck.tracer.TestSpan>],false,79,2,1,1,4,1,0,1,1,0,0,0,0,0,0,0,0,0,0,0,0,0,0,10,1,0,true
/Users/gichan/Desktop/MLCQ data try/ck_csvs/../gits/microprofile-opentracing-00dffbff44d9300ee7a21f8665b71637ca2a0105/tck/base/src/main/java/org/eclipse/microprofile/opentracing/tck/tracer/TestSpanTree.java,org.eclipse.microprofile.opentracing.tck.tracer.TestSpanTree,toString/0,false,251,2,3,7,16,1,3,0,7,0,0,1,0,0,0,1,3,3,1,2,0,0,0,6,1,0,true
/Users/gichan/Desktop/MLCQ data try/ck_csvs/../gits/microprofile-opentracing-00dffbff44d9300ee7a21f8665b71637ca2a0105/tck/base/src/main/java/org/eclipse/microprofile/opentracing/tck/tracer/TestSpanTree.java,org.eclipse.microprofile.opentracing.tck.tracer.TestSpanTree,hashCode/0,false,299,0,1,1,3,1,0,0,1,0,0,0,0,0,0,0,0,0,0,0,0,0,0,2,1,0,true
/Users/gichan/Desktop/MLCQ data try/ck_csvs/../gits/microprofile-opentracing-00dffbff44d9300ee7a21f8665b71637ca2a0105/tck/base/src/main/java/org/eclipse/microprofile/opentracing/tck/OpenTracingHTTPPathNameTests.java,org.eclipse.microprofile.opentracing.tck.OpenTracingHTTPPathNameTests,testTwoSameParams/0,false,143,9,1,9,7,0,3,0,9,1,1,0,0,0,0,4,0,3,0,0,0,0,0,30,2,0,true
/Users/gichan/Desktop/MLCQ data try/ck_csvs/../gits/microprofile-opentracing-00dffbff44d9300ee7a21f8665b71637ca2a0105/tck/base/src/main/java/org/eclipse/microprofile/opentracing/tck/OpenTracingHTTPPathNameTests.java,org.eclipse.microprofile.opentracing.tck.OpenTracingHTTPPathNameTests,createDeployment/0,false,70,5,1,2,3,1,0,0,2,0,0,0,0,0,0,0,0,0,0,0,0,0,0,4,9,0,false
/Users/gichan/Desktop/MLCQ data try/ck_csvs/../gits/microprofile-opentracing-00dffbff44d9300ee7a21f8665b71637ca2a0105/tck/base/src/main/java/org/eclipse/microprofile/opentracing/tck/OpenTracingHTTPPathNameTests.java,org.eclipse.microprofile.opentracing.tck.OpenTracingHTTPPathNameTests,testWildcard/0,false,106,9,1,9,7,0,3,0,9,1,1,0,0,0,0,4,0,3,0,0,0,0,0,28,2,0,true
/Users/gichan/Desktop/MLCQ data try/ck_csvs/../gits/microprofile-opentracing-00dffbff44d9300ee7a21f8665b71637ca2a0105/tck/base/src/main/java/org/eclipse/microprofile/opentracing/tck/OpenTracingHTTPPathNameTests.java,org.eclipse.microprofile.opentracing.tck.OpenTracingHTTPPathNameTests,"getOperationName/4[java.lang.String,java.lang.String,java.lang.Class<?>,java.lang.reflect.Method]",false,76,1,6,13,24,2,4,4,13,0,0,0,1,0,0,9,0,5,1,2,0,0,0,22,4,0,false
/Users/gichan/Desktop/MLCQ data try/ck_csvs/../gits/microprofile-opentracing-00dffbff44d9300ee7a21f8665b71637ca2a0105/tck/base/src/main/java/org/eclipse/microprofile/opentracing/tck/OpenTracingHTTPPathNameTests.java,org.eclipse.microprofile.opentracing.tck.OpenTracingHTTPPathNameTests$TestConfiguration,getName/0,false,64,0,1,2,3,1,0,0,2,0,0,0,0,0,0,0,0,0,0,0,0,0,0,2,1,0,false
/Users/gichan/Desktop/MLCQ data try/ck_csvs/../gits/microprofile-opentracing-00dffbff44d9300ee7a21f8665b71637ca2a0105/tck/base/src/main/java/org/eclipse/microprofile/opentracing/tck/OpenTracingHTTPPathNameTests.java,org.eclipse.microprofile.opentracing.tck.OpenTracingHTTPPathNameTests$TestConfiguration,(initializer 1),false,49,0,1,1,3,0,0,0,1,0,0,0,0,0,0,2,0,0,0,0,0,0,0,1,0,0,false
/Users/gichan/Desktop/MLCQ data try/ck_csvs/../gits/microprofile-opentracing-00dffbff44d9300ee7a21f8665b71637ca2a0105/tck/base/src/main/java/org/eclipse/microprofile/opentracing/tck/OpenTracingHTTPPathNameTests.java,org.eclipse.microprofile.opentracing.tck.OpenTracingHTTPPathNameTests$TestConfiguration,getValue/1[java.lang.String],false,59,0,1,1,3,1,0,1,1,0,0,0,0,0,0,0,0,0,0,0,0,0,0,3,1,0,false
/Users/gichan/Desktop/MLCQ data try/ck_csvs/../gits/microprofile-opentracing-00dffbff44d9300ee7a21f8665b71637ca2a0105/tck/base/src/main/java/org/eclipse/microprofile/opentracing/tck/OpenTracingHTTPPathNameTests.java,org.eclipse.microprofile.opentracing.tck.OpenTracingHTTPPathNameTests$TestConfiguration,getProperties/0,false,54,0,1,0,3,1,0,0,0,0,0,0,0,0,0,0,0,0,0,0,0,0,0,4,1,0,false
/Users/gichan/Desktop/MLCQ data try/ck_csvs/../gits/microprofile-opentracing-00dffbff44d9300ee7a21f8665b71637ca2a0105/tck/base/src/main/java/org/eclipse/microprofile/opentracing/tck/OpenTracingClassMethodNameClientTests.java,org.eclipse.microprofile.opentracing.tck.OpenTracingClassMethodNameClientTests$TestConfiguration,(initializer 1),false,35,0,1,1,3,0,0,0,1,0,0,0,0,0,0,2,0,0,0,0,0,0,0,1,0,0,false
/Users/gichan/Desktop/MLCQ data try/ck_csvs/../gits/microprofile-opentracing-00dffbff44d9300ee7a21f8665b71637ca2a0105/tck/base/src/main/java/org/eclipse/microprofile/opentracing/tck/OpenTracingClassMethodNameClientTests.java,org.eclipse.microprofile.opentracing.tck.OpenTracingClassMethodNameClientTests$TestConfiguration,getValue/1[java.lang.String],false,45,0,1,1,3,1,0,1,1,0,0,0,0,0,0,0,0,0,0,0,0,0,0,3,1,0,false
/Users/gichan/Desktop/MLCQ data try/ck_csvs/../gits/microprofile-opentracing-00dffbff44d9300ee7a21f8665b71637ca2a0105/tck/base/src/main/java/org/eclipse/microprofile/opentracing/tck/OpenTracingClassMethodNameClientTests.java,org.eclipse.microprofile.opentracing.tck.OpenTracingClassMethodNameClientTests$TestConfiguration,getProperties/0,false,40,0,1,0,3,1,0,0,0,0,0,0,0,0,0,0,0,0,0,0,0,0,0,4,1,0,false
/Users/gichan/Desktop/MLCQ data try/ck_csvs/../gits/microprofile-opentracing-00dffbff44d9300ee7a21f8665b71637ca2a0105/tck/base/src/main/java/org/eclipse/microprofile/opentracing/tck/OpenTracingClassMethodNameClientTests.java,org.eclipse.microprofile.opentracing.tck.OpenTracingClassMethodNameClientTests$TestConfiguration,getName/0,false,50,0,1,2,3,1,0,0,2,0,0,0,0,0,0,0,0,0,0,0,0,0,0,2,1,0,false
/Users/gichan/Desktop/MLCQ data try/ck_csvs/../gits/microprofile-opentracing-00dffbff44d9300ee7a21f8665b71637ca2a0105/tck/base/src/main/java/org/eclipse/microprofile/opentracing/tck/OpenTracingClassMethodNameClientTests.java,org.eclipse.microprofile.opentracing.tck.OpenTracingClassMethodNameClientTests,createDeployment/0,false,56,5,1,2,3,1,0,0,2,0,0,0,0,0,0,0,0,0,0,0,0,0,0,4,9,0,false
/Users/gichan/Desktop/MLCQ data try/ck_csvs/../gits/microprofile-opentracing-00dffbff44d9300ee7a21f8665b71637ca2a0105/tck/base/src/main/java/org/eclipse/microprofile/opentracing/tck/OpenTracingBaseTests.java,org.eclipse.microprofile.opentracing.tck.OpenTracingBaseTests$Anonymous1,run/0,false,407,1,1,3,5,0,1,0,3,0,0,0,0,0,0,0,0,1,0,0,0,0,0,8,1,0,false
/Users/gichan/Desktop/MLCQ data try/ck_csvs/../gits/microprofile-opentracing-00dffbff44d9300ee7a21f8665b71637ca2a0105/tck/base/src/main/java/org/eclipse/microprofile/opentracing/tck/OpenTracingBaseTests.java,org.eclipse.microprofile.opentracing.tck.OpenTracingBaseTests,"assertEqualErrorTrees/2[org.eclipse.microprofile.opentracing.tck.tracer.ConsumableTree<org.eclipse.microprofile.opentracing.tck.tracer.TestSpan>,org.eclipse.microprofile.opentracing.tck.tracer.ConsumableTree<org.eclipse.microprofile.opentracing.tck.tracer.TestSpan>]",false,241,2,2,12,16,0,5,2,12,0,0,0,0,0,0,2,0,0,0,3,0,0,5,36,4,0,true
/Users/gichan/Desktop/MLCQ data try/ck_csvs/../gits/microprofile-opentracing-00dffbff44d9300ee7a21f8665b71637ca2a0105/tck/base/src/main/java/org/eclipse/microprofile/opentracing/tck/OpenTracingBaseTests.java,org.eclipse.microprofile.opentracing.tck.OpenTracingBaseTests,"assertEqualTrees/2[org.eclipse.microprofile.opentracing.tck.tracer.ConsumableTree<org.eclipse.microprofile.opentracing.tck.tracer.TestSpan>,org.eclipse.microprofile.opentracing.tck.tracer.ConsumableTree<org.eclipse.microprofile.opentracing.tck.tracer.TestSpan>]",false,209,2,1,9,8,0,4,2,9,0,0,0,0,0,0,0,0,0,0,1,0,0,4,36,4,0,true
/Users/gichan/Desktop/MLCQ data try/ck_csvs/../gits/microprofile-opentracing-00dffbff44d9300ee7a21f8665b71637ca2a0105/tck/base/src/main/java/org/eclipse/microprofile/opentracing/tck/OpenTracingBaseTests.java,org.eclipse.microprofile.opentracing.tck.OpenTracingBaseTests,"getExpectedSpanTagsForError/2[java.lang.String,java.lang.String]",false,357,1,1,2,4,1,1,2,2,1,2,0,0,0,0,0,0,1,0,0,0,0,0,21,4,0,true
/Users/gichan/Desktop/MLCQ data try/ck_csvs/../gits/microprofile-opentracing-00dffbff44d9300ee7a21f8665b71637ca2a0105/tck/base/src/main/java/org/eclipse/microprofile/opentracing/tck/OpenTracingBaseTests.java,org.eclipse.microprofile.opentracing.tck.OpenTracingBaseTests,"getNestedQueryParameters/5[int,int,int,boolean,boolean]",false,490,0,1,1,9,1,1,5,1,0,0,0,0,0,0,0,0,1,0,0,0,0,0,26,4,0,true
/Users/gichan/Desktop/MLCQ data try/ck_csvs/../gits/microprofile-opentracing-00dffbff44d9300ee7a21f8665b71637ca2a0105/tck/base/src/main/java/org/eclipse/microprofile/opentracing/tck/OpenTracingBaseTests.java,org.eclipse.microprofile.opentracing.tck.OpenTracingBaseTests,"getEndpointMethod/2[java.lang.Class<?>,java.lang.String]",false,296,1,4,4,9,2,1,2,4,0,0,1,1,0,0,0,0,1,0,2,0,0,0,23,4,0,true
/Users/gichan/Desktop/MLCQ data try/ck_csvs/../gits/microprofile-opentracing-00dffbff44d9300ee7a21f8665b71637ca2a0105/tck/base/src/main/java/org/eclipse/microprofile/opentracing/tck/OpenTracingBaseTests.java,org.eclipse.microprofile.opentracing.tck.OpenTracingBaseTests,"executeRemoteWebServiceRaw/4[java.lang.String,java.lang.String,java.util.Map<java.lang.String,java.lang.Object>,org.eclipse.microprofile.opentracing.tck.Status]",false,159,5,2,10,12,1,5,4,10,2,1,0,1,0,0,4,0,5,2,1,0,0,0,41,4,0,true
/Users/gichan/Desktop/MLCQ data try/ck_csvs/../gits/microprofile-opentracing-00dffbff44d9300ee7a21f8665b71637ca2a0105/tck/base/src/main/java/org/eclipse/microprofile/opentracing/tck/OpenTracingBaseTests.java,org.eclipse.microprofile.opentracing.tck.OpenTracingBaseTests,beforeEachTest/0,false,107,2,1,2,5,0,0,0,2,2,3,0,0,0,0,2,0,0,0,0,0,0,0,38,4,0,true
/Users/gichan/Desktop/MLCQ data try/ck_csvs/../gits/microprofile-opentracing-00dffbff44d9300ee7a21f8665b71637ca2a0105/tck/base/src/main/java/org/eclipse/microprofile/opentracing/tck/OpenTracingBaseTests.java,org.eclipse.microprofile.opentracing.tck.OpenTracingBaseTests,"getWebServiceURL/2[java.lang.String,java.lang.String]",false,119,1,1,1,3,1,0,2,1,1,1,0,0,0,0,0,0,0,0,0,0,0,0,13,4,0,true
/Users/gichan/Desktop/MLCQ data try/ck_csvs/../gits/microprofile-opentracing-00dffbff44d9300ee7a21f8665b71637ca2a0105/tck/base/src/main/java/org/eclipse/microprofile/opentracing/tck/OpenTracingBaseTests.java,org.eclipse.microprofile.opentracing.tck.OpenTracingBaseTests,"executeNested/6[java.lang.String,int,int,int,boolean,boolean]",false,468,2,1,3,5,0,2,6,3,2,2,0,0,0,0,0,0,2,0,0,0,0,0,33,4,0,true
/Users/gichan/Desktop/MLCQ data try/ck_csvs/../gits/microprofile-opentracing-00dffbff44d9300ee7a21f8665b71637ca2a0105/tck/base/src/main/java/org/eclipse/microprofile/opentracing/tck/OpenTracingBaseTests.java,org.eclipse.microprofile.opentracing.tck.OpenTracingBaseTests,"testNestedSpans/6[java.lang.String,int,int,int,boolean,boolean]",false,379,2,1,4,6,0,2,6,4,4,9,0,0,0,0,0,0,2,0,0,0,0,0,43,4,0,true
/Users/gichan/Desktop/MLCQ data try/ck_csvs/../gits/microprofile-opentracing-00dffbff44d9300ee7a21f8665b71637ca2a0105/tck/base/src/main/java/org/eclipse/microprofile/opentracing/tck/OpenTracingBaseTests.java,org.eclipse.microprofile.opentracing.tck.OpenTracingBaseTests,executeRemoteWebServiceTracerTree/0,false,181,3,1,4,5,1,1,0,4,2,3,0,0,0,0,1,0,1,1,0,0,0,0,20,4,0,true
/Users/gichan/Desktop/MLCQ data try/ck_csvs/../gits/microprofile-opentracing-00dffbff44d9300ee7a21f8665b71637ca2a0105/tck/base/src/main/java/org/eclipse/microprofile/opentracing/tck/OpenTracingBaseTests.java,org.eclipse.microprofile.opentracing.tck.OpenTracingBaseTests,"getExpectedNestedServerSpan/8[java.lang.String,java.lang.String,int,int,int,boolean,boolean,boolean]",false,539,3,2,7,19,1,3,8,7,4,3,0,0,0,0,0,0,5,0,1,0,0,0,40,4,0,true
/Users/gichan/Desktop/MLCQ data try/ck_csvs/../gits/microprofile-opentracing-00dffbff44d9300ee7a21f8665b71637ca2a0105/tck/base/src/main/java/org/eclipse/microprofile/opentracing/tck/OpenTracingBaseTests.java,org.eclipse.microprofile.opentracing.tck.OpenTracingBaseTests,createDeployment/0,false,82,2,1,9,5,1,2,0,9,0,0,0,0,0,0,4,0,2,0,0,0,0,0,13,9,0,true
/Users/gichan/Desktop/MLCQ data try/ck_csvs/../gits/microprofile-opentracing-00dffbff44d9300ee7a21f8665b71637ca2a0105/tck/base/src/main/java/org/eclipse/microprofile/opentracing/tck/OpenTracingBaseTests.java,org.eclipse.microprofile.opentracing.tck.OpenTracingBaseTests,debug/1[java.lang.String],false,275,0,1,1,3,0,0,1,1,0,0,0,0,0,0,0,0,0,0,0,0,0,0,9,8,0,true
/Users/gichan/Desktop/MLCQ data try/ck_csvs/../gits/microprofile-opentracing-00dffbff44d9300ee7a21f8665b71637ca2a0105/tck/base/src/main/java/org/eclipse/microprofile/opentracing/tck/OpenTracingBaseTests.java,org.eclipse.microprofile.opentracing.tck.OpenTracingBaseTests,clearTracer/0,false,192,3,1,6,6,0,3,0,6,1,2,0,0,0,0,0,0,3,0,0,0,0,0,20,2,0,true
/Users/gichan/Desktop/MLCQ data try/ck_csvs/../gits/microprofile-opentracing-00dffbff44d9300ee7a21f8665b71637ca2a0105/tck/base/src/main/java/org/eclipse/microprofile/opentracing/tck/OpenTracingBaseTests.java,org.eclipse.microprofile.opentracing.tck.OpenTracingBaseTests,"getOperationName/4[java.lang.String,java.lang.String,java.lang.Class<?>,java.lang.reflect.Method]",false,314,0,3,4,11,2,0,4,4,0,0,0,0,0,0,3,0,0,1,1,0,0,0,30,4,0,true
/Users/gichan/Desktop/MLCQ data try/ck_csvs/../gits/microprofile-opentracing-00dffbff44d9300ee7a21f8665b71637ca2a0105/tck/base/src/main/java/org/eclipse/microprofile/opentracing/tck/OpenTracingBaseTests.java,org.eclipse.microprofile.opentracing.tck.OpenTracingBaseTests,getRandomNumber/0,false,284,0,1,1,3,1,0,0,1,0,0,0,0,0,0,0,0,0,0,0,0,0,0,6,4,0,true
/Users/gichan/Desktop/MLCQ data try/ck_csvs/../gits/microprofile-opentracing-00dffbff44d9300ee7a21f8665b71637ca2a0105/tck/base/src/main/java/org/eclipse/microprofile/opentracing/tck/OpenTracingBaseTests.java,org.eclipse.microprofile.opentracing.tck.OpenTracingBaseTests,"testMultithreadedNestedSpans/6[java.lang.String,int,int,int,boolean,boolean]",false,399,4,6,29,42,0,13,6,29,4,8,3,1,0,0,2,6,15,2,2,1,0,0,73,4,0,true
/Users/gichan/Desktop/MLCQ data try/ck_csvs/../gits/microprofile-opentracing-00dffbff44d9300ee7a21f8665b71637ca2a0105/tck/base/src/main/java/org/eclipse/microprofile/opentracing/tck/OpenTracingBaseTests.java,org.eclipse.microprofile.opentracing.tck.OpenTracingBaseTests,"createExpectedNestTree/5[java.lang.String,int,int,boolean,boolean]",false,508,3,2,1,7,1,2,5,1,1,4,1,0,0,0,1,6,3,0,1,0,0,0,32,2,0,true
/Users/gichan/Desktop/MLCQ data try/ck_csvs/../gits/microprofile-opentracing-00dffbff44d9300ee7a21f8665b71637ca2a0105/tck/base/src/main/java/org/eclipse/microprofile/opentracing/tck/OpenTracingBaseTests.java,org.eclipse.microprofile.opentracing.tck.OpenTracingBaseTests,"getExpectedSpanTags/7[java.lang.String,java.lang.String,java.lang.String,java.lang.String,java.util.Map<java.lang.String,java.lang.Object>,int,java.lang.String]",false,338,1,1,3,9,1,1,7,3,1,1,0,0,0,0,0,0,1,0,0,0,0,0,26,4,0,true
/Users/gichan/Desktop/MLCQ data try/ck_csvs/../gits/microprofile-opentracing-00dffbff44d9300ee7a21f8665b71637ca2a0105/tck/base/src/main/java/org/eclipse/microprofile/opentracing/tck/OpenTracingBaseTests.java,org.eclipse.microprofile.opentracing.tck.OpenTracingBaseTests,"executeRemoteWebServiceRaw/3[java.lang.String,java.lang.String,org.eclipse.microprofile.opentracing.tck.Status]",false,146,3,1,1,3,1,0,3,1,1,2,0,0,0,0,0,0,0,0,0,0,0,0,23,4,0,true
/Users/gichan/Desktop/MLCQ data try/ck_csvs/../gits/microprofile-opentracing-00dffbff44d9300ee7a21f8665b71637ca2a0105/tck/base/src/main/java/org/eclipse/microprofile/opentracing/tck/OpenTracingBaseTests.java,org.eclipse.microprofile.opentracing.tck.OpenTracingBaseTests,"getWebServiceURL/3[java.lang.String,java.lang.String,java.util.Map<java.lang.String,java.lang.Object>]",false,130,1,2,2,7,1,1,3,2,0,0,0,1,0,0,0,0,2,0,1,0,0,0,18,4,0,true
/Users/gichan/Desktop/MLCQ data try/ck_csvs/../gits/microprofile-opentracing-00dffbff44d9300ee7a21f8665b71637ca2a0105/tck/base/src/main/java/org/eclipse/microprofile/opentracing/tck/OpenTracingClientBaseTests.java,org.eclipse.microprofile.opentracing.tck.OpenTracingClientBaseTests,testOperationName/0,false,195,7,1,7,7,0,3,0,7,0,0,0,0,0,0,0,0,3,0,0,0,0,0,29,2,0,true
/Users/gichan/Desktop/MLCQ data try/ck_csvs/../gits/microprofile-opentracing-00dffbff44d9300ee7a21f8665b71637ca2a0105/tck/base/src/main/java/org/eclipse/microprofile/opentracing/tck/OpenTracingClientBaseTests.java,org.eclipse.microprofile.opentracing.tck.OpenTracingClientBaseTests,testStandardTags/0,false,59,8,1,9,7,0,3,0,9,0,0,0,0,0,0,0,0,3,0,0,0,0,0,31,2,0,true
/Users/gichan/Desktop/MLCQ data try/ck_csvs/../gits/microprofile-opentracing-00dffbff44d9300ee7a21f8665b71637ca2a0105/tck/base/src/main/java/org/eclipse/microprofile/opentracing/tck/OpenTracingClientBaseTests.java,org.eclipse.microprofile.opentracing.tck.OpenTracingClientBaseTests,getExpectedLocalSpanTags/0,false,558,0,1,1,5,1,1,0,1,0,0,0,0,0,0,0,0,1,0,0,0,0,0,13,2,0,true
/Users/gichan/Desktop/MLCQ data try/ck_csvs/../gits/microprofile-opentracing-00dffbff44d9300ee7a21f8665b71637ca2a0105/tck/base/src/main/java/org/eclipse/microprofile/opentracing/tck/OpenTracingClientBaseTests.java,org.eclipse.microprofile.opentracing.tck.OpenTracingClientBaseTests,testException/0,false,316,5,1,2,3,0,0,0,2,1,1,0,0,0,0,0,0,0,0,0,0,0,0,11,2,0,true
/Users/gichan/Desktop/MLCQ data try/ck_csvs/../gits/microprofile-opentracing-00dffbff44d9300ee7a21f8665b71637ca2a0105/tck/base/src/main/java/org/eclipse/microprofile/opentracing/tck/OpenTracingClientBaseTests.java,org.eclipse.microprofile.opentracing.tck.OpenTracingClientBaseTests,testLocalSpanHasParent/0,false,475,9,1,10,7,0,3,0,10,1,1,0,0,0,0,0,0,3,0,0,0,0,0,30,2,0,true
/Users/gichan/Desktop/MLCQ data try/ck_csvs/../gits/microprofile-opentracing-00dffbff44d9300ee7a21f8665b71637ca2a0105/tck/base/src/main/java/org/eclipse/microprofile/opentracing/tck/OpenTracingClientBaseTests.java,org.eclipse.microprofile.opentracing.tck.OpenTracingClientBaseTests,testNestedSpans/0,false,406,3,1,2,8,0,5,0,2,0,0,0,0,0,0,0,2,5,0,0,0,0,0,25,2,0,true
/Users/gichan/Desktop/MLCQ data try/ck_csvs/../gits/microprofile-opentracing-00dffbff44d9300ee7a21f8665b71637ca2a0105/tck/base/src/main/java/org/eclipse/microprofile/opentracing/tck/OpenTracingClientBaseTests.java,org.eclipse.microprofile.opentracing.tck.OpenTracingClientBaseTests,testAnnotations/0,false,97,11,1,13,7,0,3,0,13,0,0,0,0,0,0,6,0,3,3,0,0,0,0,28,2,0,true
/Users/gichan/Desktop/MLCQ data try/ck_csvs/../gits/microprofile-opentracing-00dffbff44d9300ee7a21f8665b71637ca2a0105/tck/base/src/main/java/org/eclipse/microprofile/opentracing/tck/OpenTracingClientBaseTests.java,org.eclipse.microprofile.opentracing.tck.OpenTracingClientBaseTests,assertErrorTest/1[java.lang.reflect.Method],false,324,7,1,9,9,0,5,1,9,0,0,0,0,0,0,0,0,5,0,0,0,0,0,38,2,0,true
/Users/gichan/Desktop/MLCQ data try/ck_csvs/../gits/microprofile-opentracing-00dffbff44d9300ee7a21f8665b71637ca2a0105/tck/base/src/main/java/org/eclipse/microprofile/opentracing/tck/OpenTracingClientBaseTests.java,org.eclipse.microprofile.opentracing.tck.OpenTracingClientBaseTests,testNotTraced/0,false,177,5,1,4,7,0,3,0,4,0,0,0,0,0,0,0,0,3,0,0,0,0,0,29,2,0,true
/Users/gichan/Desktop/MLCQ data try/ck_csvs/../gits/microprofile-opentracing-00dffbff44d9300ee7a21f8665b71637ca2a0105/tck/base/src/main/java/org/eclipse/microprofile/opentracing/tck/OpenTracingClientBaseTests.java,org.eclipse.microprofile.opentracing.tck.OpenTracingClientBaseTests,testAsyncLocalSpan/0,false,517,9,1,10,7,0,3,0,10,1,1,0,0,0,0,0,0,3,0,0,0,0,0,30,2,0,true
/Users/gichan/Desktop/MLCQ data try/ck_csvs/../gits/microprofile-opentracing-00dffbff44d9300ee7a21f8665b71637ca2a0105/tck/base/src/main/java/org/eclipse/microprofile/opentracing/tck/OpenTracingClientBaseTests.java,org.eclipse.microprofile.opentracing.tck.OpenTracingClientBaseTests,testClassOperationName/0,false,228,7,1,8,7,0,3,0,8,0,0,0,0,0,0,1,0,3,0,0,0,0,0,28,2,0,true
/Users/gichan/Desktop/MLCQ data try/ck_csvs/../gits/microprofile-opentracing-00dffbff44d9300ee7a21f8665b71637ca2a0105/tck/base/src/main/java/org/eclipse/microprofile/opentracing/tck/OpenTracingClientBaseTests.java,org.eclipse.microprofile.opentracing.tck.OpenTracingClientBaseTests,testError/0,false,307,5,1,2,3,0,0,0,2,1,1,0,0,0,0,0,0,0,0,0,0,0,0,11,2,0,true
/Users/gichan/Desktop/MLCQ data try/ck_csvs/../gits/microprofile-opentracing-00dffbff44d9300ee7a21f8665b71637ca2a0105/tck/base/src/main/java/org/eclipse/microprofile/opentracing/tck/OpenTracingClientBaseTests.java,org.eclipse.microprofile.opentracing.tck.OpenTracingClientBaseTests,testAnnotationException/0,false,356,9,1,13,12,0,5,0,13,0,0,0,0,0,0,3,0,5,1,0,0,0,0,30,2,0,true
/Users/gichan/Desktop/MLCQ data try/ck_csvs/../gits/microprofile-opentracing-00dffbff44d9300ee7a21f8665b71637ca2a0105/tck/base/src/main/java/org/eclipse/microprofile/opentracing/tck/OpenTracingClientBaseTests.java,org.eclipse.microprofile.opentracing.tck.OpenTracingClientBaseTests,testMultithreadedNestedSpans/0,false,443,3,1,1,8,0,5,0,1,0,0,0,0,0,0,0,3,5,0,0,0,0,0,50,2,0,true
/Users/gichan/Desktop/MLCQ data try/ck_csvs/../gits/microprofile-opentracing-00dffbff44d9300ee7a21f8665b71637ca2a0105/tck/base/src/main/java/org/eclipse/microprofile/opentracing/tck/OpenTracingClientBaseTests.java,org.eclipse.microprofile.opentracing.tck.OpenTracingClientBaseTests,testMultithreadedNestedSpansAsync/0,false,460,3,1,1,8,0,5,0,1,0,0,0,0,0,0,0,3,5,0,0,0,0,0,31,2,0,true
/Users/gichan/Desktop/MLCQ data try/ck_csvs/../gits/microprofile-opentracing-00dffbff44d9300ee7a21f8665b71637ca2a0105/tck/base/src/main/java/org/eclipse/microprofile/opentracing/tck/OpenTracingClientBaseTests.java,org.eclipse.microprofile.opentracing.tck.OpenTracingClientBaseTests,testClassAndMethodOperationName/0,false,275,7,1,7,7,0,3,0,7,0,0,0,0,0,0,0,0,3,0,0,0,0,0,32,2,0,true
/Users/gichan/Desktop/MLCQ data try/ck_csvs/../gits/microprofile-opentracing-00dffbff44d9300ee7a21f8665b71637ca2a0105/tck/base/src/main/java/org/eclipse/microprofile/opentracing/tck/OpenTracingClientBaseTests.java,org.eclipse.microprofile.opentracing.tck.OpenTracingClientBaseTests,testNestedSpansWithClientFailure/0,false,422,3,1,2,8,0,5,0,2,0,0,0,0,0,0,0,2,5,0,0,0,0,0,32,2,0,true
/Users/gichan/Desktop/MLCQ data try/ck_csvs/../gits/microprofile-opentracing-00dffbff44d9300ee7a21f8665b71637ca2a0105/tck/base/src/main/java/org/eclipse/microprofile/opentracing/tck/ClientRegistrarTests.java,org.eclipse.microprofile.opentracing.tck.ClientRegistrarTests,"testClientRegistrar/2[java.lang.String,boolean]",false,72,6,2,10,11,0,4,2,10,0,0,0,0,0,0,2,0,4,0,1,0,0,0,25,1,0,false
/Users/gichan/Desktop/MLCQ data try/ck_csvs/../gits/microprofile-opentracing-00dffbff44d9300ee7a21f8665b71637ca2a0105/tck/base/src/main/java/org/eclipse/microprofile/opentracing/tck/ClientRegistrarTests.java,org.eclipse.microprofile.opentracing.tck.ClientRegistrarTests,testClientRegistrarExecutorAsync/0,false,68,3,1,1,3,0,0,0,1,1,1,0,0,0,0,0,0,0,0,0,0,0,0,5,1,0,false
/Users/gichan/Desktop/MLCQ data try/ck_csvs/../gits/microprofile-opentracing-00dffbff44d9300ee7a21f8665b71637ca2a0105/tck/base/src/main/java/org/eclipse/microprofile/opentracing/tck/ClientRegistrarTests.java,org.eclipse.microprofile.opentracing.tck.ClientRegistrarTests,createDeployment/0,false,44,3,1,1,3,1,0,0,1,0,0,0,0,0,0,0,0,0,0,0,0,0,0,4,9,0,false
/Users/gichan/Desktop/MLCQ data try/ck_csvs/../gits/microprofile-opentracing-00dffbff44d9300ee7a21f8665b71637ca2a0105/tck/base/src/main/java/org/eclipse/microprofile/opentracing/tck/ClientRegistrarTests.java,org.eclipse.microprofile.opentracing.tck.ClientRegistrarTests,testClientRegistrar/0,false,50,3,1,1,3,0,0,0,1,1,1,0,0,0,0,0,0,0,0,0,0,0,0,3,1,0,false
/Users/gichan/Desktop/MLCQ data try/ck_csvs/../gits/microprofile-opentracing-00dffbff44d9300ee7a21f8665b71637ca2a0105/tck/base/src/main/java/org/eclipse/microprofile/opentracing/tck/ClientRegistrarTests.java,org.eclipse.microprofile.opentracing.tck.ClientRegistrarTests,testClientRegistrarAsync/0,false,56,3,1,1,3,0,0,0,1,1,1,0,0,0,0,0,0,0,0,0,0,0,0,4,1,0,false
/Users/gichan/Desktop/MLCQ data try/ck_csvs/../gits/microprofile-opentracing-00dffbff44d9300ee7a21f8665b71637ca2a0105/tck/base/src/main/java/org/eclipse/microprofile/opentracing/tck/ClientRegistrarTests.java,org.eclipse.microprofile.opentracing.tck.ClientRegistrarTests,testClientRegistrarExecutor/0,false,62,3,1,1,3,0,0,0,1,1,1,0,0,0,0,0,0,0,0,0,0,0,0,4,1,0,false
/Users/gichan/Desktop/MLCQ data try/ck_csvs/../gits/microprofile-opentracing-00dffbff44d9300ee7a21f8665b71637ca2a0105/tck/base/src/main/java/org/eclipse/microprofile/opentracing/tck/OpenTracingDefaultClientTests.java,org.eclipse.microprofile.opentracing.tck.OpenTracingDefaultClientTests,createDeployment/0,false,31,3,1,1,3,1,0,0,1,0,0,0,0,0,0,0,0,0,0,0,0,0,0,4,9,0,false
/Users/gichan/Desktop/MLCQ data try/ck_csvs/../gits/microprofile-opentracing-00dffbff44d9300ee7a21f8665b71637ca2a0105/tck/base/src/main/java/org/eclipse/microprofile/opentracing/tck/OpenTracingSkipPatternTests.java,org.eclipse.microprofile.opentracing.tck.OpenTracingSkipPatternTests$TestConfiguration,getName/0,false,60,0,1,2,3,1,0,0,2,0,0,0,0,0,0,0,0,0,0,0,0,0,0,2,1,0,false
/Users/gichan/Desktop/MLCQ data try/ck_csvs/../gits/microprofile-opentracing-00dffbff44d9300ee7a21f8665b71637ca2a0105/tck/base/src/main/java/org/eclipse/microprofile/opentracing/tck/OpenTracingSkipPatternTests.java,org.eclipse.microprofile.opentracing.tck.OpenTracingSkipPatternTests$TestConfiguration,(initializer 1),false,45,0,1,1,3,0,0,0,1,0,0,0,0,0,0,2,0,0,0,0,0,0,0,4,0,0,false
/Users/gichan/Desktop/MLCQ data try/ck_csvs/../gits/microprofile-opentracing-00dffbff44d9300ee7a21f8665b71637ca2a0105/tck/base/src/main/java/org/eclipse/microprofile/opentracing/tck/OpenTracingSkipPatternTests.java,org.eclipse.microprofile.opentracing.tck.OpenTracingSkipPatternTests$TestConfiguration,getValue/1[java.lang.String],false,55,0,1,1,3,1,0,1,1,0,0,0,0,0,0,0,0,0,0,0,0,0,0,3,1,0,false
/Users/gichan/Desktop/MLCQ data try/ck_csvs/../gits/microprofile-opentracing-00dffbff44d9300ee7a21f8665b71637ca2a0105/tck/base/src/main/java/org/eclipse/microprofile/opentracing/tck/OpenTracingSkipPatternTests.java,org.eclipse.microprofile.opentracing.tck.OpenTracingSkipPatternTests$TestConfiguration,getProperties/0,false,50,0,1,0,3,1,0,0,0,0,0,0,0,0,0,0,0,0,0,0,0,0,0,4,1,0,false
/Users/gichan/Desktop/MLCQ data try/ck_csvs/../gits/microprofile-opentracing-00dffbff44d9300ee7a21f8665b71637ca2a0105/tck/base/src/main/java/org/eclipse/microprofile/opentracing/tck/OpenTracingSkipPatternTests.java,org.eclipse.microprofile.opentracing.tck.OpenTracingSkipPatternTests,testHealthNotTraced/0,false,126,6,1,9,8,0,3,0,9,1,1,0,0,0,0,2,0,3,1,0,0,0,0,20,2,0,false
/Users/gichan/Desktop/MLCQ data try/ck_csvs/../gits/microprofile-opentracing-00dffbff44d9300ee7a21f8665b71637ca2a0105/tck/base/src/main/java/org/eclipse/microprofile/opentracing/tck/OpenTracingSkipPatternTests.java,org.eclipse.microprofile.opentracing.tck.OpenTracingSkipPatternTests,testOpenAPINotTraced/0,false,138,6,1,9,8,0,3,0,9,1,1,0,0,0,0,2,0,3,1,0,0,0,0,23,2,0,false
/Users/gichan/Desktop/MLCQ data try/ck_csvs/../gits/microprofile-opentracing-00dffbff44d9300ee7a21f8665b71637ca2a0105/tck/base/src/main/java/org/eclipse/microprofile/opentracing/tck/OpenTracingSkipPatternTests.java,org.eclipse.microprofile.opentracing.tck.OpenTracingSkipPatternTests,testMetricsNotTraced/0,false,150,6,1,9,8,0,3,0,9,1,1,0,0,0,0,2,0,3,1,0,0,0,0,20,2,0,false
/Users/gichan/Desktop/MLCQ data try/ck_csvs/../gits/microprofile-opentracing-00dffbff44d9300ee7a21f8665b71637ca2a0105/tck/base/src/main/java/org/eclipse/microprofile/opentracing/tck/OpenTracingSkipPatternTests.java,org.eclipse.microprofile.opentracing.tck.OpenTracingSkipPatternTests,testMetricsBaseNotTraced/0,false,162,6,1,9,8,0,3,0,9,1,1,0,0,0,0,2,0,3,1,0,0,0,0,22,2,0,false
/Users/gichan/Desktop/MLCQ data try/ck_csvs/../gits/microprofile-opentracing-00dffbff44d9300ee7a21f8665b71637ca2a0105/tck/base/src/main/java/org/eclipse/microprofile/opentracing/tck/OpenTracingSkipPatternTests.java,org.eclipse.microprofile.opentracing.tck.OpenTracingSkipPatternTests,testSkipFoo/0,false,90,5,1,4,6,0,2,0,4,0,0,0,0,0,0,0,0,2,0,0,0,0,0,24,2,0,true
/Users/gichan/Desktop/MLCQ data try/ck_csvs/../gits/microprofile-opentracing-00dffbff44d9300ee7a21f8665b71637ca2a0105/tck/base/src/main/java/org/eclipse/microprofile/opentracing/tck/OpenTracingSkipPatternTests.java,org.eclipse.microprofile.opentracing.tck.OpenTracingSkipPatternTests,testExplicitlyTraced/0,false,116,5,1,4,6,0,2,0,4,0,0,0,0,0,0,0,0,2,0,0,0,0,0,24,2,0,true
/Users/gichan/Desktop/MLCQ data try/ck_csvs/../gits/microprofile-opentracing-00dffbff44d9300ee7a21f8665b71637ca2a0105/tck/base/src/main/java/org/eclipse/microprofile/opentracing/tck/OpenTracingSkipPatternTests.java,org.eclipse.microprofile.opentracing.tck.OpenTracingSkipPatternTests,baseUrl/0,false,196,0,1,3,3,1,0,0,3,0,0,0,0,0,0,1,0,0,0,0,0,0,0,2,2,0,false
/Users/gichan/Desktop/MLCQ data try/ck_csvs/../gits/microprofile-opentracing-00dffbff44d9300ee7a21f8665b71637ca2a0105/tck/base/src/main/java/org/eclipse/microprofile/opentracing/tck/OpenTracingSkipPatternTests.java,org.eclipse.microprofile.opentracing.tck.OpenTracingSkipPatternTests,testSkipSimple/0,false,77,5,1,4,6,0,2,0,4,0,0,0,0,0,0,0,0,2,0,0,0,0,0,24,2,0,true
/Users/gichan/Desktop/MLCQ data try/ck_csvs/../gits/microprofile-opentracing-00dffbff44d9300ee7a21f8665b71637ca2a0105/tck/base/src/main/java/org/eclipse/microprofile/opentracing/tck/OpenTracingSkipPatternTests.java,org.eclipse.microprofile.opentracing.tck.OpenTracingSkipPatternTests,createDeployment/0,false,66,5,1,2,3,1,0,0,2,0,0,0,0,0,0,0,0,0,0,0,0,0,0,4,9,0,false
/Users/gichan/Desktop/MLCQ data try/ck_csvs/../gits/microprofile-opentracing-00dffbff44d9300ee7a21f8665b71637ca2a0105/tck/base/src/main/java/org/eclipse/microprofile/opentracing/tck/OpenTracingSkipPatternTests.java,org.eclipse.microprofile.opentracing.tck.OpenTracingSkipPatternTests,testMetricsVendorNotTraced/0,false,174,6,1,9,8,0,3,0,9,1,1,0,0,0,0,2,0,3,1,0,0,0,0,22,2,0,false
/Users/gichan/Desktop/MLCQ data try/ck_csvs/../gits/microprofile-opentracing-00dffbff44d9300ee7a21f8665b71637ca2a0105/tck/base/src/main/java/org/eclipse/microprofile/opentracing/tck/OpenTracingSkipPatternTests.java,org.eclipse.microprofile.opentracing.tck.OpenTracingSkipPatternTests,testMetricsApplicationNotTraced/0,false,186,6,1,9,8,0,3,0,9,1,1,0,0,0,0,2,0,3,1,0,0,0,0,22,2,0,false
/Users/gichan/Desktop/MLCQ data try/ck_csvs/../gits/microprofile-opentracing-00dffbff44d9300ee7a21f8665b71637ca2a0105/tck/base/src/main/java/org/eclipse/microprofile/opentracing/tck/OpenTracingSkipPatternTests.java,org.eclipse.microprofile.opentracing.tck.OpenTracingSkipPatternTests,testSkipFooBar/0,false,103,5,1,4,6,0,2,0,4,0,0,0,0,0,0,0,0,2,0,0,0,0,0,25,2,0,true
/Users/gichan/Desktop/MLCQ data try/ck_csvs/../gits/microprofile-opentracing-00dffbff44d9300ee7a21f8665b71637ca2a0105/tck/base/src/main/java/org/eclipse/microprofile/opentracing/tck/application/ApplicationUtils.java,org.eclipse.microprofile.opentracing.tck.application.ApplicationUtils,"getQueryString/1[java.util.Map<java.lang.String,java.lang.Object>]",false,66,1,5,6,23,2,4,1,6,1,1,1,2,0,0,4,0,9,0,2,0,0,0,21,9,0,true
/Users/gichan/Desktop/MLCQ data try/ck_csvs/../gits/microprofile-opentracing-00dffbff44d9300ee7a21f8665b71637ca2a0105/tck/base/src/main/java/org/eclipse/microprofile/opentracing/tck/application/ApplicationUtils.java,org.eclipse.microprofile.opentracing.tck.application.ApplicationUtils,ApplicationUtils/0,true,34,0,1,0,2,0,0,0,0,0,0,0,0,0,0,0,0,0,0,0,0,0,0,2,2,0,false
/Users/gichan/Desktop/MLCQ data try/ck_csvs/../gits/microprofile-opentracing-00dffbff44d9300ee7a21f8665b71637ca2a0105/tck/base/src/main/java/org/eclipse/microprofile/opentracing/tck/application/ApplicationUtils.java,org.eclipse.microprofile.opentracing.tck.application.ApplicationUtils,createExampleRuntimeException/0,false,115,0,1,0,3,1,0,0,0,0,0,0,0,0,0,1,0,0,0,0,0,0,0,13,9,0,true
/Users/gichan/Desktop/MLCQ data try/ck_csvs/../gits/microprofile-opentracing-00dffbff44d9300ee7a21f8665b71637ca2a0105/tck/base/src/main/java/org/eclipse/microprofile/opentracing/tck/application/ApplicationUtils.java,org.eclipse.microprofile.opentracing.tck.application.ApplicationUtils,"getWebServiceURL/3[java.net.URL,java.lang.String,java.lang.String]",false,50,0,2,1,8,1,0,3,1,0,0,0,0,1,0,2,0,0,1,1,0,0,0,20,9,0,true
/Users/gichan/Desktop/MLCQ data try/ck_csvs/../gits/microprofile-opentracing-00dffbff44d9300ee7a21f8665b71637ca2a0105/tck/base/src/main/java/org/eclipse/microprofile/opentracing/tck/application/ApplicationUtils.java,org.eclipse.microprofile.opentracing.tck.application.ApplicationUtils,urlEncode/1[java.lang.String],false,102,0,2,2,8,1,0,1,2,0,0,0,0,1,0,0,0,0,0,1,0,0,0,15,9,0,true
/Users/gichan/Desktop/MLCQ data try/ck_csvs/../gits/microprofile-opentracing-00dffbff44d9300ee7a21f8665b71637ca2a0105/tck/base/src/main/java/org/eclipse/microprofile/opentracing/tck/application/TracerWebService.java,org.eclipse.microprofile.opentracing.tck.application.TracerWebService,getTracer/0,false,85,6,4,17,28,1,6,0,17,0,0,2,0,1,0,13,0,6,1,3,0,0,0,51,1,0,true
/Users/gichan/Desktop/MLCQ data try/ck_csvs/../gits/microprofile-opentracing-00dffbff44d9300ee7a21f8665b71637ca2a0105/tck/base/src/main/java/org/eclipse/microprofile/opentracing/tck/application/TracerWebService.java,org.eclipse.microprofile.opentracing.tck.application.TracerWebService,clearTracer/0,false,155,2,1,3,3,0,0,0,3,0,0,0,0,0,0,1,0,0,0,0,0,0,0,20,1,0,true
/Users/gichan/Desktop/MLCQ data try/ck_csvs/../gits/microprofile-opentracing-00dffbff44d9300ee7a21f8665b71637ca2a0105/tck/base/src/main/java/org/eclipse/microprofile/opentracing/tck/application/TestDisabledAnnotatedClass.java,org.eclipse.microprofile.opentracing.tck.application.TestDisabledAnnotatedClass,annotatedClassMethodExplicitlyTracedWithOperationName/0,false,45,1,1,1,3,0,0,0,1,0,0,0,0,0,0,2,0,0,0,0,0,0,0,16,1,0,true
/Users/gichan/Desktop/MLCQ data try/ck_csvs/../gits/microprofile-opentracing-00dffbff44d9300ee7a21f8665b71637ca2a0105/tck/base/src/main/java/org/eclipse/microprofile/opentracing/tck/application/TestDisabledAnnotatedClass.java,org.eclipse.microprofile.opentracing.tck.application.TestDisabledAnnotatedClass,annotatedClassMethodImplicitlyNotTraced/0,false,52,0,1,1,3,0,0,0,1,0,0,0,0,0,0,1,0,0,0,0,0,0,0,12,1,0,true
/Users/gichan/Desktop/MLCQ data try/ck_csvs/../gits/microprofile-opentracing-00dffbff44d9300ee7a21f8665b71637ca2a0105/tck/base/src/main/java/org/eclipse/microprofile/opentracing/tck/application/TestDisabledAnnotatedClass.java,org.eclipse.microprofile.opentracing.tck.application.TestDisabledAnnotatedClass,annotatedClassMethodExplicitlyTraced/0,false,37,1,1,1,3,0,0,0,1,0,0,0,0,0,0,1,0,0,0,0,0,0,0,10,1,0,true
/Users/gichan/Desktop/MLCQ data try/ck_csvs/../gits/microprofile-opentracing-00dffbff44d9300ee7a21f8665b71637ca2a0105/tck/base/src/main/java/org/eclipse/microprofile/opentracing/tck/application/TestServerWebServices.java,org.eclipse.microprofile.opentracing.tck.application.TestServerWebServices,executeNested/1[java.lang.String],false,390,4,1,7,6,0,3,1,7,0,0,0,0,0,0,0,0,3,0,0,0,0,0,16,2,0,true
/Users/gichan/Desktop/MLCQ data try/ck_csvs/../gits/microprofile-opentracing-00dffbff44d9300ee7a21f8665b71637ca2a0105/tck/base/src/main/java/org/eclipse/microprofile/opentracing/tck/application/TestServerWebServices.java,org.eclipse.microprofile.opentracing.tck.application.TestServerWebServices,simpleTest/0,false,192,4,1,2,3,1,0,0,2,0,0,0,0,0,0,0,0,0,0,0,0,0,0,19,1,0,true
/Users/gichan/Desktop/MLCQ data try/ck_csvs/../gits/microprofile-opentracing-00dffbff44d9300ee7a21f8665b71637ca2a0105/tck/base/src/main/java/org/eclipse/microprofile/opentracing/tck/application/TestServerWebServices.java,org.eclipse.microprofile.opentracing.tck.application.TestServerWebServices,finishChildSpan/1[org.eclipse.microprofile.opentracing.tck.application.Span],false,471,1,1,1,3,0,0,1,1,0,0,0,0,0,0,0,0,0,0,0,0,0,0,11,2,0,true
/Users/gichan/Desktop/MLCQ data try/ck_csvs/../gits/microprofile-opentracing-00dffbff44d9300ee7a21f8665b71637ca2a0105/tck/base/src/main/java/org/eclipse/microprofile/opentracing/tck/application/TestServerWebServices.java,org.eclipse.microprofile.opentracing.tck.application.TestServerWebServices,"nested/5[int,int,java.lang.String,boolean,boolean]",false,333,6,6,9,31,1,5,5,9,3,1,2,0,0,0,0,4,6,1,3,0,0,0,94,1,0,true
/Users/gichan/Desktop/MLCQ data try/ck_csvs/../gits/microprofile-opentracing-00dffbff44d9300ee7a21f8665b71637ca2a0105/tck/base/src/main/java/org/eclipse/microprofile/opentracing/tck/application/TestServerWebServices.java,org.eclipse.microprofile.opentracing.tck.application.TestServerWebServices,notTraced/0,false,289,5,1,2,3,1,0,0,2,0,0,0,0,0,0,0,0,0,0,0,0,0,0,19,1,0,true
/Users/gichan/Desktop/MLCQ data try/ck_csvs/../gits/microprofile-opentracing-00dffbff44d9300ee7a21f8665b71637ca2a0105/tck/base/src/main/java/org/eclipse/microprofile/opentracing/tck/application/TestServerWebServices.java,org.eclipse.microprofile.opentracing.tck.application.TestServerWebServices,localSpan/0,false,203,5,1,4,4,1,0,0,4,2,1,0,0,0,0,0,0,0,0,0,0,0,0,22,1,0,true
/Users/gichan/Desktop/MLCQ data try/ck_csvs/../gits/microprofile-opentracing-00dffbff44d9300ee7a21f8665b71637ca2a0105/tck/base/src/main/java/org/eclipse/microprofile/opentracing/tck/application/TestServerWebServices.java,org.eclipse.microprofile.opentracing.tck.application.TestServerWebServices,asyncLocalSpan/1[org.eclipse.microprofile.opentracing.tck.application.AsyncResponse],false,215,6,1,5,4,0,0,1,5,2,1,0,0,0,0,0,0,0,0,0,0,0,0,30,1,0,true
/Users/gichan/Desktop/MLCQ data try/ck_csvs/../gits/microprofile-opentracing-00dffbff44d9300ee7a21f8665b71637ca2a0105/tck/base/src/main/java/org/eclipse/microprofile/opentracing/tck/application/TestServerWebServices.java,org.eclipse.microprofile.opentracing.tck.application.TestServerWebServices,annotationException/0,false,271,5,2,4,9,1,0,0,4,0,0,0,0,1,0,1,0,0,0,1,0,0,0,29,1,0,true
/Users/gichan/Desktop/MLCQ data try/ck_csvs/../gits/microprofile-opentracing-00dffbff44d9300ee7a21f8665b71637ca2a0105/tck/base/src/main/java/org/eclipse/microprofile/opentracing/tck/application/TestServerWebServices.java,org.eclipse.microprofile.opentracing.tck.application.TestServerWebServices,error/0,false,227,4,1,2,3,1,0,0,2,0,0,0,0,0,0,0,0,0,0,0,0,0,0,12,1,0,true
/Users/gichan/Desktop/MLCQ data try/ck_csvs/../gits/microprofile-opentracing-00dffbff44d9300ee7a21f8665b71637ca2a0105/tck/base/src/main/java/org/eclipse/microprofile/opentracing/tck/application/TestServerWebServices.java,org.eclipse.microprofile.opentracing.tck.application.TestServerWebServices,executeNestedAsync/1[java.lang.String],false,402,4,1,7,5,1,2,1,7,0,0,0,0,0,0,0,0,2,0,0,0,0,0,19,2,0,true
/Users/gichan/Desktop/MLCQ data try/ck_csvs/../gits/microprofile-opentracing-00dffbff44d9300ee7a21f8665b71637ca2a0105/tck/base/src/main/java/org/eclipse/microprofile/opentracing/tck/application/TestServerWebServices.java,org.eclipse.microprofile.opentracing.tck.application.TestServerWebServices,startChildSpan/1[java.lang.String],false,455,2,2,6,10,1,3,1,6,0,0,0,1,0,0,0,0,3,0,1,0,0,0,33,2,0,true
/Users/gichan/Desktop/MLCQ data try/ck_csvs/../gits/microprofile-opentracing-00dffbff44d9300ee7a21f8665b71637ca2a0105/tck/base/src/main/java/org/eclipse/microprofile/opentracing/tck/application/TestServerWebServices.java,org.eclipse.microprofile.opentracing.tck.application.TestServerWebServices,operationName/0,false,301,5,1,2,3,1,0,0,2,0,0,0,0,0,0,0,0,0,0,0,0,0,0,20,1,0,true
/Users/gichan/Desktop/MLCQ data try/ck_csvs/../gits/microprofile-opentracing-00dffbff44d9300ee7a21f8665b71637ca2a0105/tck/base/src/main/java/org/eclipse/microprofile/opentracing/tck/application/TestServerWebServices.java,org.eclipse.microprofile.opentracing.tck.application.TestServerWebServices,skipSimple/0,false,380,4,3,5,4,1,1,0,5,0,0,0,1,0,0,0,0,1,0,0,0,0,0,23,1,0,true
/Users/gichan/Desktop/MLCQ data try/ck_csvs/../gits/microprofile-opentracing-00dffbff44d9300ee7a21f8665b71637ca2a0105/tck/base/src/main/java/org/eclipse/microprofile/opentracing/tck/application/TestServerWebServices.java,org.eclipse.microprofile.opentracing.tck.application.TestServerWebServices,annotations/0,false,249,7,1,13,14,1,0,0,13,0,0,0,0,0,0,0,0,0,0,0,0,0,0,19,1,0,true
/Users/gichan/Desktop/MLCQ data try/ck_csvs/../gits/microprofile-opentracing-00dffbff44d9300ee7a21f8665b71637ca2a0105/tck/base/src/main/java/org/eclipse/microprofile/opentracing/tck/application/TestServerWebServices.java,org.eclipse.microprofile.opentracing.tck.application.TestServerWebServices,"getRequestPath/3[java.lang.String,java.lang.String,java.util.Map<java.lang.String,java.lang.Object>]",false,417,1,5,7,19,1,4,3,7,0,0,0,2,1,1,2,2,5,1,1,0,0,0,31,1,0,true
/Users/gichan/Desktop/MLCQ data try/ck_csvs/../gits/microprofile-opentracing-00dffbff44d9300ee7a21f8665b71637ca2a0105/tck/base/src/main/java/org/eclipse/microprofile/opentracing/tck/application/TestServerWebServices.java,org.eclipse.microprofile.opentracing.tck.application.TestServerWebServices,exception/0,false,238,5,1,1,3,0,0,0,1,0,0,0,0,0,0,0,0,0,0,0,0,0,0,20,1,0,true
/Users/gichan/Desktop/MLCQ data try/ck_csvs/../gits/microprofile-opentracing-00dffbff44d9300ee7a21f8665b71637ca2a0105/tck/base/src/main/java/org/eclipse/microprofile/opentracing/tck/application/TestWebServicesApplication.java,org.eclipse.microprofile.opentracing.tck.application.TestWebServicesApplication,getClasses/0,false,40,7,1,1,3,1,0,0,1,0,0,0,0,0,0,0,0,0,0,0,0,0,0,2,1,0,true
/Users/gichan/Desktop/MLCQ data try/ck_csvs/../gits/microprofile-opentracing-00dffbff44d9300ee7a21f8665b71637ca2a0105/tck/base/src/main/java/org/eclipse/microprofile/opentracing/tck/application/TestAnnotatedMethods.java,org.eclipse.microprofile.opentracing.tck.application.TestAnnotatedMethods,annotatedMethodExplicitlyTracedWithOpName/0,false,52,1,1,1,3,0,0,0,1,0,0,0,0,0,0,2,0,0,0,0,0,0,0,14,1,0,true
/Users/gichan/Desktop/MLCQ data try/ck_csvs/../gits/microprofile-opentracing-00dffbff44d9300ee7a21f8665b71637ca2a0105/tck/base/src/main/java/org/eclipse/microprofile/opentracing/tck/application/TestAnnotatedMethods.java,org.eclipse.microprofile.opentracing.tck.application.TestAnnotatedMethods,annotatedMethodExplicitlyTraced/0,false,36,1,1,1,3,0,0,0,1,0,0,0,0,0,0,1,0,0,0,0,0,0,0,9,1,0,true
/Users/gichan/Desktop/MLCQ data try/ck_csvs/../gits/microprofile-opentracing-00dffbff44d9300ee7a21f8665b71637ca2a0105/tck/base/src/main/java/org/eclipse/microprofile/opentracing/tck/application/TestAnnotatedMethods.java,org.eclipse.microprofile.opentracing.tck.application.TestAnnotatedMethods,annotatedMethodExplicitlyNotTraced/0,false,44,1,1,1,3,0,0,0,1,0,0,0,0,0,0,1,0,0,0,0,0,0,0,13,1,0,true
/Users/gichan/Desktop/MLCQ data try/ck_csvs/../gits/microprofile-opentracing-00dffbff44d9300ee7a21f8665b71637ca2a0105/tck/base/src/main/java/org/eclipse/microprofile/opentracing/tck/application/TestAnnotatedMethods.java,org.eclipse.microprofile.opentracing.tck.application.TestAnnotatedMethods,annotatedMethodExplicitlyNotTracedWithOpName/0,false,60,1,1,1,3,0,0,0,1,0,0,0,0,0,0,2,0,0,0,0,0,0,0,17,1,0,true
/Users/gichan/Desktop/MLCQ data try/ck_csvs/../gits/microprofile-opentracing-00dffbff44d9300ee7a21f8665b71637ca2a0105/tck/base/src/main/java/org/eclipse/microprofile/opentracing/tck/application/WildcardClassService.java,org.eclipse.microprofile.opentracing.tck.application.WildcardClassService,"getFoo/2[java.lang.String,java.lang.String]",false,38,4,1,2,3,1,0,2,2,0,0,0,0,0,0,2,0,0,0,0,0,0,0,14,1,0,false
/Users/gichan/Desktop/MLCQ data try/ck_csvs/../gits/microprofile-opentracing-00dffbff44d9300ee7a21f8665b71637ca2a0105/tck/base/src/main/java/org/eclipse/microprofile/opentracing/tck/application/WildcardClassService.java,org.eclipse.microprofile.opentracing.tck.application.WildcardClassService,"getTwoParams/3[java.lang.String,java.lang.String,java.lang.String]",false,44,4,1,2,3,1,0,3,2,0,0,0,0,0,0,3,0,0,0,0,0,0,0,14,1,0,false
/Users/gichan/Desktop/MLCQ data try/ck_csvs/../gits/microprofile-opentracing-00dffbff44d9300ee7a21f8665b71637ca2a0105/tck/base/src/main/java/org/eclipse/microprofile/opentracing/tck/application/TestAnnotatedClass.java,org.eclipse.microprofile.opentracing.tck.application.TestAnnotatedClass,annotatedClassMethodImplicitlyTraced/0,false,36,0,1,1,3,0,0,0,1,0,0,0,0,0,0,1,0,0,0,0,0,0,0,10,1,0,true
/Users/gichan/Desktop/MLCQ data try/ck_csvs/../gits/microprofile-opentracing-00dffbff44d9300ee7a21f8665b71637ca2a0105/tck/base/src/main/java/org/eclipse/microprofile/opentracing/tck/application/TestAnnotatedClass.java,org.eclipse.microprofile.opentracing.tck.application.TestAnnotatedClass,annotatedClassMethodExplicitlyNotTraced/0,false,44,1,1,1,3,0,0,0,1,0,0,0,0,0,0,1,0,0,0,0,0,0,0,14,1,0,true
/Users/gichan/Desktop/MLCQ data try/ck_csvs/../gits/microprofile-opentracing-00dffbff44d9300ee7a21f8665b71637ca2a0105/tck/base/src/main/java/org/eclipse/microprofile/opentracing/tck/application/TestAnnotatedClass.java,org.eclipse.microprofile.opentracing.tck.application.TestAnnotatedClass,annotatedClassMethodExplicitlyTraced/0,false,52,1,1,1,3,0,0,0,1,0,0,0,0,0,0,2,0,0,0,0,0,0,0,12,1,0,true
/Users/gichan/Desktop/MLCQ data try/ck_csvs/../gits/microprofile-opentracing-00dffbff44d9300ee7a21f8665b71637ca2a0105/tck/base/src/main/java/org/eclipse/microprofile/opentracing/tck/application/TestAnnotatedClass.java,org.eclipse.microprofile.opentracing.tck.application.TestAnnotatedClass,annotatedClassMethodExplicitlyNotTracedWithOpName/0,false,60,1,1,1,3,0,0,0,1,0,0,0,0,0,0,2,0,0,0,0,0,0,0,17,1,0,true
/Users/gichan/Desktop/MLCQ data try/ck_csvs/../gits/microprofile-opentracing-00dffbff44d9300ee7a21f8665b71637ca2a0105/tck/base/src/main/java/org/eclipse/microprofile/opentracing/tck/application/TestAnnotatedClass.java,org.eclipse.microprofile.opentracing.tck.application.TestAnnotatedClass,annotatedClassMethodImplicitlyTracedWithException/0,false,67,1,1,2,4,0,0,0,2,0,0,0,0,0,0,1,0,0,0,0,0,0,0,15,1,0,true
/Users/gichan/Desktop/MLCQ data try/ck_csvs/../gits/microprofile-opentracing-00dffbff44d9300ee7a21f8665b71637ca2a0105/tck/base/src/main/java/org/eclipse/microprofile/opentracing/tck/application/TestServerSkipAllWebServices.java,org.eclipse.microprofile.opentracing.tck.application.TestServerSkipAllWebServices,nestedPath/0,false,49,4,1,2,3,1,0,0,2,0,0,0,0,0,0,0,0,0,0,0,0,0,0,13,1,0,false
/Users/gichan/Desktop/MLCQ data try/ck_csvs/../gits/microprofile-opentracing-00dffbff44d9300ee7a21f8665b71637ca2a0105/tck/base/src/main/java/org/eclipse/microprofile/opentracing/tck/application/TestServerSkipAllWebServices.java,org.eclipse.microprofile.opentracing.tck.application.TestServerSkipAllWebServices,explicitlyTraced/0,false,57,5,1,2,3,1,0,0,2,0,0,0,0,0,0,0,0,0,0,0,0,0,0,16,1,0,false
/Users/gichan/Desktop/MLCQ data try/ck_csvs/../gits/microprofile-opentracing-00dffbff44d9300ee7a21f8665b71637ca2a0105/tck/base/src/main/java/org/eclipse/microprofile/opentracing/tck/application/TestServerSkipAllWebServices.java,org.eclipse.microprofile.opentracing.tck.application.TestServerSkipAllWebServices,simplePath/0,false,42,4,1,2,3,1,0,0,2,0,0,0,0,0,0,0,0,0,0,0,0,0,0,14,1,0,false
/Users/gichan/Desktop/MLCQ data try/ck_csvs/../gits/microprofile-opentracing-00dffbff44d9300ee7a21f8665b71637ca2a0105/tck/base/src/main/java/org/eclipse/microprofile/opentracing/tck/application/TestClientRegistrarWebServices.java,org.eclipse.microprofile.opentracing.tck.application.TestClientRegistrarWebServices,clientRegistrar/1[boolean],false,65,6,1,2,3,1,0,1,2,2,1,0,0,0,0,1,0,0,0,0,0,0,0,33,1,0,true
/Users/gichan/Desktop/MLCQ data try/ck_csvs/../gits/microprofile-opentracing-00dffbff44d9300ee7a21f8665b71637ca2a0105/tck/base/src/main/java/org/eclipse/microprofile/opentracing/tck/application/TestClientRegistrarWebServices.java,org.eclipse.microprofile.opentracing.tck.application.TestClientRegistrarWebServices,instrumentedClientExecutor/0,false,100,3,1,4,5,1,1,0,4,0,0,0,0,0,0,0,1,1,0,0,0,0,0,5,2,0,false
/Users/gichan/Desktop/MLCQ data try/ck_csvs/../gits/microprofile-opentracing-00dffbff44d9300ee7a21f8665b71637ca2a0105/tck/base/src/main/java/org/eclipse/microprofile/opentracing/tck/application/TestClientRegistrarWebServices.java,org.eclipse.microprofile.opentracing.tck.application.TestClientRegistrarWebServices,ok/0,false,53,4,1,2,3,1,0,0,2,0,0,0,0,0,0,0,0,0,0,0,0,0,0,9,1,0,false
/Users/gichan/Desktop/MLCQ data try/ck_csvs/../gits/microprofile-opentracing-00dffbff44d9300ee7a21f8665b71637ca2a0105/tck/base/src/main/java/org/eclipse/microprofile/opentracing/tck/application/TestClientRegistrarWebServices.java,org.eclipse.microprofile.opentracing.tck.application.TestClientRegistrarWebServices,clientRegistrarExecutor/1[boolean],false,77,6,1,2,3,1,0,1,2,2,1,0,0,0,0,1,0,0,0,0,0,0,0,33,1,0,true
/Users/gichan/Desktop/MLCQ data try/ck_csvs/../gits/microprofile-opentracing-00dffbff44d9300ee7a21f8665b71637ca2a0105/tck/base/src/main/java/org/eclipse/microprofile/opentracing/tck/application/TestClientRegistrarWebServices.java,org.eclipse.microprofile.opentracing.tck.application.TestClientRegistrarWebServices,"executeSimpleEndpoint/2[org.eclipse.microprofile.opentracing.tck.application.Client,boolean]",false,82,3,2,10,7,1,2,2,10,0,0,0,0,0,0,0,0,2,0,0,0,0,0,24,2,0,false
/Users/gichan/Desktop/MLCQ data try/ck_csvs/../gits/microprofile-opentracing-00dffbff44d9300ee7a21f8665b71637ca2a0105/tck/base/src/main/java/org/eclipse/microprofile/opentracing/tck/application/TestClientRegistrarWebServices.java,org.eclipse.microprofile.opentracing.tck.application.TestClientRegistrarWebServices,instrumentedClient/0,false,94,3,1,3,5,1,1,0,3,0,0,0,0,0,0,0,0,1,0,0,0,0,0,4,2,0,false
/Users/gichan/Desktop/MLCQ data try/ck_csvs/../gits/microprofile-opentracing-00dffbff44d9300ee7a21f8665b71637ca2a0105/tck/base/src/main/java/org/eclipse/microprofile/opentracing/tck/application/TestAnnotatedClassWithOperationName.java,org.eclipse.microprofile.opentracing.tck.application.TestAnnotatedClassWithOperationName,annotatedClassMethodImplicitlyTraced/0,false,41,0,1,1,3,0,0,0,1,0,0,0,0,0,0,1,0,0,0,0,0,0,0,10,1,0,true
/Users/gichan/Desktop/MLCQ data try/ck_csvs/../gits/microprofile-opentracing-00dffbff44d9300ee7a21f8665b71637ca2a0105/tck/base/src/main/java/org/eclipse/microprofile/opentracing/tck/application/TestAnnotatedClassWithOperationName.java,org.eclipse.microprofile.opentracing.tck.application.TestAnnotatedClassWithOperationName,annotatedClassMethodExplicitlyTraced/0,false,49,1,1,1,3,0,0,0,1,0,0,0,0,0,0,2,0,0,0,0,0,0,0,12,1,0,true
/Users/gichan/Desktop/MLCQ data try/ck_csvs/../gits/microprofile-opentracing-00dffbff44d9300ee7a21f8665b71637ca2a0105/tck/base/src/main/java/org/eclipse/microprofile/opentracing/tck/application/TestServerWebServicesWithOperationName.java,org.eclipse.microprofile.opentracing.tck.application.TestServerWebServicesWithOperationName,classOperationName/0,false,76,5,1,4,5,1,0,0,4,0,0,0,0,0,0,0,0,0,0,0,0,0,0,25,1,0,true
/Users/gichan/Desktop/MLCQ data try/ck_csvs/../gits/microprofile-opentracing-00dffbff44d9300ee7a21f8665b71637ca2a0105/tck/base/src/main/java/org/eclipse/microprofile/opentracing/tck/application/TestServerWebServicesWithOperationName.java,org.eclipse.microprofile.opentracing.tck.application.TestServerWebServicesWithOperationName,classAndMethodOperationName/0,false,91,5,1,2,3,1,0,0,2,0,0,0,0,0,0,0,0,0,0,0,0,0,0,30,1,0,true
/Users/gichan/Desktop/MLCQ data try/ck_csvs/../gits/microprofile-opentracing-00dffbff44d9300ee7a21f8665b71637ca2a0105/api/src/main/java/org/eclipse/microprofile/opentracing/ClientTracingRegistrarProvider.java,org.eclipse.microprofile.opentracing.ClientTracingRegistrarProvider,"configure/2[org.eclipse.microprofile.opentracing.ClientBuilder,java.util.concurrent.ExecutorService]",false,46,1,1,0,1,0,0,2,0,0,0,0,0,0,0,0,0,0,0,0,0,0,0,19,0,0,true
/Users/gichan/Desktop/MLCQ data try/ck_csvs/../gits/microprofile-opentracing-00dffbff44d9300ee7a21f8665b71637ca2a0105/api/src/main/java/org/eclipse/microprofile/opentracing/ClientTracingRegistrarProvider.java,org.eclipse.microprofile.opentracing.ClientTracingRegistrarProvider,configure/1[org.eclipse.microprofile.opentracing.ClientBuilder],false,38,1,1,0,1,0,0,1,0,0,0,0,0,0,0,0,0,0,0,0,0,0,0,10,0,0,true
/Users/gichan/Desktop/MLCQ data try/ck_csvs/../gits/microprofile-opentracing-00dffbff44d9300ee7a21f8665b71637ca2a0105/api/src/main/java/org/eclipse/microprofile/opentracing/ClientTracingRegistrar.java,org.eclipse.microprofile.opentracing.ClientTracingRegistrar,ClientTracingRegistrar/0,true,40,0,1,0,2,0,0,0,0,0,0,0,0,0,0,0,0,0,0,0,0,0,0,3,2,0,false
/Users/gichan/Desktop/MLCQ data try/ck_csvs/../gits/microprofile-opentracing-00dffbff44d9300ee7a21f8665b71637ca2a0105/api/src/main/java/org/eclipse/microprofile/opentracing/ClientTracingRegistrar.java,org.eclipse.microprofile.opentracing.ClientTracingRegistrar,"configure/2[org.eclipse.microprofile.opentracing.ClientBuilder,java.util.concurrent.ExecutorService]",false,63,2,2,2,6,2,0,2,2,0,0,1,0,0,0,0,0,0,0,1,0,0,0,28,9,0,true
/Users/gichan/Desktop/MLCQ data try/ck_csvs/../gits/microprofile-opentracing-00dffbff44d9300ee7a21f8665b71637ca2a0105/api/src/main/java/org/eclipse/microprofile/opentracing/ClientTracingRegistrar.java,org.eclipse.microprofile.opentracing.ClientTracingRegistrar,configure/1[org.eclipse.microprofile.opentracing.ClientBuilder],false,48,2,2,2,6,2,0,1,2,0,0,1,0,0,0,0,0,0,0,1,0,0,0,15,9,0,true
